tree
version=v4
num_class=3
num_tree_per_iteration=3
label_index=0
max_feature_idx=11
objective=multiclass num_class:3
feature_names=Column_0 Column_1 Column_2 Column_3 Column_4 Column_5 Column_6 Column_7 Column_8 Column_9 Column_10 Column_11
feature_infos=none none none none none none none none [0.0625:0.89999997615814209] [0.0625:0.89999997615814209] [-0.75:0.75] [0.86289924383163452:0.90660488605499268]
tree_sizes=1700 1574 1467 1724 1521 1722 1836 1419 1722 1834 1425 1516 1725 1425 1414 1841 1414 1416 1828 1754 1515 1845 1628 1518 1841 1415 1507 1842 1640 1513 1846 1640 1737 1517 1736 1521 1841 1635 1519 1726 1731 1514 1730 1529 1515 1844 1107 1412 1846 1424 1518 1729 1526 1519 1846 1427 1525 1517 1636 1430 1649 1740 1532 1639 1535 1418 1519 1645 1320 1631 1106 1518 1525 1639 1094 1648 996 1525 1645 1000 1526 1647 1535 1105 1855 1844 1520 1645 1842 1332 1648 1850 1636 1852 1535 1329

Tree=0
num_leaves=15
num_cat=0
split_feature=10 8 10 9 10 8 10 10 9 8 9 9 9 9
split_gain=50.3487 15.5579 10.0081 6.75845 5.34946 4.24261 3.52409 3.4889 3.35438 2.53646 1.78702 1.48422 0.878932 0.685354
threshold=1.0000000180025095e-35 0.32500000298023229 0.30625000596046453 0.67499998211860668 -0.075000001117587076 0.62500000000000011 0.16250000149011615 -0.28750000894069666 0.57500001788139354 0.82500001788139354 0.27500000596046453 0.36249999701976782 0.44374999403953558 0.77500000596046459
decision_type=2 2 2 2 2 2 2 2 2 2 2 2 2 2
left_child=1 7 5 8 -5 6 -2 13 -3 -7 -4 -12 -9 -1
right_child=2 3 10 4 -6 9 -8 12 -10 -11 11 -13 -14 -15
leaf_value=-0.85983833622332417 -0.80862655373730496 -0.81506120541780913 -0.75769421820543847 -0.82970050482048885 -0.79056155940635486 -0.78506670979381776 -0.79130292800487179 -0.84029503622353119 -0.79958237329300696 -0.80768717403209556 -0.7874478112925839 -0.76720844855307213 -0.82440664759951832 -0.84270448416871113
leaf_weight=23.345596700906757 87.823911398649216 95.605776965618134 14.452036052942274 93.011821776628494 9.6346907019615156 75.595265507698059 44.097238212823868 17.787121295928955 55.214189022779465 14.822601079940794 20.381076484918594 16.304861187934875 17.045991241931915 7.781865566968917
leaf_count=63 237 258 39 251 26 204 119 48 149 40 55 44 46 21
internal_value=-0.808277 -0.821759 -0.792531 -0.81613 -0.826027 -0.797118 -0.802836 -0.84339 -0.809395 -0.788775 -0.772586 -0.778453 -0.83252 -0.855555
internal_weight=592.904 319.427 273.477 253.466 102.647 222.339 131.921 65.9606 150.82 90.4179 51.138 36.6859 34.8331 31.1275
internal_count=1600 862 738 684 277 600 356 178 407 244 138 99 94 84
is_linear=0
shrinkage=1


Tree=1
num_leaves=14
num_cat=0
split_feature=8 10 11 8 11 11 11 11 10 10 10 8 10
split_gain=4.21372 4.93956 6.67213 3.77789 2.85951 2.3902 1.57391 3.57123 1.27694 1.14357 0.802875 0.631487 0.00675597
threshold=0.72499999403953563 -0.12500000372529027 0.87784731388092052 0.36249999701976782 0.9063059687614442 0.9029313623905183 0.87784731388092052 0.8991832733154298 -0.36249999701976771 0.12500000372529033 0.062500001862645163 0.77500000596046459 0.26250000298023229
decision_type=2 2 2 2 2 2 2 2 2 2 2 2 2
left_child=1 3 10 4 -1 -4 9 12 -5 -2 -3 -9 -8
right_child=6 2 5 8 -6 -7 7 11 -10 -11 -12 -13 -14
leaf_value=-1.4056602646158993 -1.4267169261542905 -1.4280295668768064 -1.4097918974096864 -1.4074998659766564 -1.4284801748860283 -1.3991763945394773 -1.4499864662352557 -1.4306548483218384 -1.4301669641594874 -1.3978388302589388 -1.4517508599337023 -1.4167535086219403 -1.4521821561711006
leaf_weight=53.272410333156586 6.3485255837440473 6.6245484352111799 135.25119721889496 6.9005712866783133 18.493531048297882 87.223221063613892 6.0725027322769156 12.697051167488096 62.38116443157196 7.4526169896125793 7.7286398410797119 22.909896671772003 8.2806855440139753
leaf_count=193 23 24 490 25 67 316 22 46 226 27 28 83 30
internal_value=-1.41418 -1.41217 -1.40776 -1.41958 -1.41154 -1.40563 -1.42607 -1.4302 -1.42791 -1.41112 -1.4408 -1.42171 -1.45125
internal_weight=441.637 377.875 236.828 141.048 71.7659 222.474 63.7613 49.9601 69.2817 13.8011 14.3532 35.6069 14.3532
internal_count=1600 1369 858 511 260 806 231 181 251 50 52 129 52
is_linear=0
shrinkage=1


Tree=2
num_leaves=13
num_cat=0
split_feature=10 10 10 10 8 8 11 8 8 10 11 8
split_gain=68.2362 7.48031 6.67971 4.17693 3.09959 3.08653 2.80151 2.20189 1.91882 1.10917 1.05464 0.71168
threshold=-0.075000001117587076 0.12500000372529033 -0.47499999403953547 -0.12500000372529027 0.44374999403953558 0.57500001788139354 0.89565312862396251 0.62500000000000011 0.52500000596046459 0.30625000596046453 0.8991832733154298 0.82500001788139354
decision_type=2 2 2 2 2 2 2 2 2 2 2 2
left_child=2 5 -1 8 -5 6 -2 -7 -4 11 -11 -3
right_child=1 9 3 4 -6 7 -8 -9 -10 10 -12 -13
leaf_value=-1.1091664848285898 -1.1844573050907026 -1.1882847982946627 -1.1460463833054815 -1.1427722394784228 -1.1708741036341195 -1.1996891658003401 -1.1643811342503099 -1.1770529283568509 -1.1315543099440106 -1.2051895599454872 -1.1896403688043986 -1.1740911776633103
leaf_weight=12.21928548812866 22.509210109710693 104.5070469379425 124.44377589225769 15.113326787948607 27.975732564926147 15.756447076797484 76.209754228591919 33.76381516456604 27.975732564926147 19.293608665466309 25.081691265106201 9.6468043327331525
leaf_count=38 70 325 387 47 87 49 237 105 87 60 78 30
internal_value=-1.16716 -1.18214 -1.14503 -1.14727 -1.16102 -1.17407 -1.16896 -1.18426 -1.14339 -1.18969 -1.1964 -1.18709
internal_weight=514.496 306.768 207.728 195.509 43.0891 148.239 98.719 49.5203 152.42 158.529 44.3753 114.154
internal_count=1600 954 646 608 134 461 307 154 474 493 138 355
is_linear=0
shrinkage=1


Tree=3
num_leaves=15
num_cat=0
split_feature=10 8 10 9 9 8 10 10 9 8 9 9 9 9
split_gain=45.0796 14.3199 8.94486 6.2602 4.97027 3.84263 3.24087 3.20779 3.08585 2.32672 1.6407 1.34403 0.82314 0.687785
threshold=1.0000000180025095e-35 0.32500000298023229 0.30625000596046453 0.67499998211860668 0.82500001788139354 0.62500000000000011 -0.28750000894069666 0.16250000149011615 0.57500001788139354 0.82500001788139354 0.27500000596046453 0.36249999701976782 0.44374999403953558 0.77500000596046459
decision_type=2 2 2 2 2 2 2 2 2 2 2 2 2 2
left_child=1 6 5 8 -5 7 13 -2 -3 -7 -4 -12 -8 -1
right_child=2 3 10 4 -6 9 12 -9 -10 -11 11 -13 -14 -15
leaf_value=-0.049714471482816262 -0.00044342207268625747 -0.0063573463770073757 0.047885574352280524 -0.023222276306706806 0.00238585419118959 0.021993430169578082 -0.030679624722190463 0.01606918188524736 0.0084900910190799476 0.00034155950944710349 0.019505229508441545 0.038717789497569467 -0.01527093498473428 -0.032477659199206192
leaf_weight=23.145104974508289 87.849092483520508 95.464424282312393 14.545778393745421 77.223811566829681 25.108911842107773 75.853758275508881 17.690780252218246 44.213805794715881 55.248494654893875 14.834250301122664 20.456775158643723 16.400937855243683 16.992379128932953 7.71692070364952
leaf_count=63 237 258 39 209 68 204 48 119 149 40 55 44 46 21
internal_value=1.14608e-06 -0.0127899 0.0148655 -0.00739488 -0.0169389 0.0105269 -0.0336182 0.00508489 -0.000914558 0.0184517 0.0336661 0.0280544 -0.0231304 -0.0454045
internal_weight=592.745 318.591 274.154 253.046 102.333 222.751 65.5452 132.063 150.713 90.688 51.4035 36.8577 34.6832 30.862
internal_count=1600 862 738 684 277 600 178 356 407 244 138 99 94 84
is_linear=0
shrinkage=0.05


Tree=4
num_leaves=13
num_cat=0
split_feature=8 9 11 11 8 11 11 9 9 9 11 11
split_gain=3.84823 4.61588 3.06687 1.97126 1.64435 1.48942 3.45887 0.972014 0.675216 0.445284 0.445057 0.00682391
threshold=0.72499999403953563 0.57500001788139354 0.87784731388092052 0.89565312862396251 0.32500000298023229 0.87784731388092052 0.8991832733154298 0.77500000596046459 0.57500001788139354 0.62500000000000011 0.9063059687614442 0.89565312862396251
decision_type=2 2 2 2 2 2 2 2 2 2 2 2
left_child=1 2 -1 7 -5 9 11 -3 -8 -2 -4 -7
right_child=5 3 10 4 -6 6 8 -9 -10 -11 -12 -13
leaf_value=-0.022103220835160302 0.013193955941465161 -0.021771610669663651 0.0084734984596510753 0.013634397670906956 -0.0044024198767749559 -0.035184810401695459 -0.012030679273155374 -0.004454795478991332 0.0026179856639668344 -0.0048953689096562052 0.0032400135935159186 -0.037416039380211118
leaf_weight=9.2437267303466779 6.1036685407161695 22.537647843360901 176.80876889824867 14.708006322383879 89.701129525899887 5.941009342670438 23.549897491931915 12.653078079223631 11.812385916709898 7.6857801973819733 52.740807920694351 8.0972642302513123
leaf_count=34 22 82 638 53 326 22 86 46 43 28 190 30
internal_value=4.18491e-06 0.00191161 0.00613398 -0.005311 -0.00186159 -0.0114178 -0.0154735 -0.0155452 -0.00713745 0.00311157 0.00727106 -0.0364718
internal_weight=441.583 378.393 238.793 139.6 104.409 63.19 49.4006 35.1907 35.3623 13.7894 229.55 14.0383
internal_count=1600 1369 862 507 379 231 181 128 129 50 828 52
is_linear=0
shrinkage=0.05


Tree=5
num_leaves=15
num_cat=0
split_feature=10 9 9 10 9 9 9 9 11 11 11 11 9 10
split_gain=61.1331 8.93052 8.75872 6.8718 3.31169 3.03455 2.81453 2.43097 2.3957 1.94328 1.34636 0.953938 0.715253 0.539164
threshold=-0.075000001117587076 0.72499999403953563 0.82500001788139354 0.12500000372529033 0.22500000149011615 0.52500000596046459 0.67499998211860668 0.52500000596046459 0.9029313623905183 0.8991832733154298 0.9063059687614442 0.9063059687614442 0.32500000298023229 -0.36249999701976771
decision_type=2 2 2 2 2 2 2 2 2 2 2 2 2 2
left_child=1 5 11 7 -5 8 -7 10 -1 -9 -2 -3 -6 -4
right_child=3 2 13 4 12 6 -8 9 -10 -11 -12 -13 -14 -15
leaf_value=0.015521523516626879 -0.0048209219914737249 0.04496039436532754 0.019611600279330198 -0.04765690237123562 -0.026430356987649381 0.0040557091787138365 0.022474467297120979 -0.023729581506763756 0.04066181620103379 -0.0058024240817077417 0.0095862961828479185 0.062641599464849318 -0.017803452922686504 0.0042663412078092723
leaf_weight=24.070570945739746 65.494155079126358 34.014797031879425 10.166689008474352 11.350423306226729 30.399509012699127 74.849415183067322 28.691100716590881 28.721033483743668 15.629053592681883 31.913323968648911 21.551984876394272 9.8338906466960889 114.60612720251083 13.099710851907728
leaf_count=74 204 104 31 36 96 231 88 90 48 100 67 30 361 40
internal_value=-4.91341e-06 0.0207178 0.0357684 -0.0143425 -0.0216479 0.0136659 0.00915955 -0.00660785 0.0254188 -0.0142941 -0.0012538 0.0489257 -0.019612 0.0109717
internal_weight=514.392 210.355 67.1151 304.037 156.356 143.24 103.541 147.68 39.6996 60.6344 87.0461 43.8487 145.006 23.2664
internal_count=1600 646 205 954 493 441 319 461 122 190 271 134 457 71
is_linear=0
shrinkage=0.05


Tree=6
num_leaves=16
num_cat=0
split_feature=10 8 8 11 8 11 10 8 10 8 10 10 11 11 8
split_gain=40.3736 13.2256 8.28134 6.14836 7.27144 4.57991 3.98791 3.13198 3.09045 2.65366 3.52064 2.32875 1.92583 0.844554 0.419043
threshold=1.0000000180025095e-35 0.32500000298023229 0.72499999403953563 0.9029313623905183 0.62500000000000011 0.89565312862396251 -0.18749999999999997 0.67499998211860668 -0.28750000894069666 0.82500001788139354 0.26250000298023229 -1.0000000180025095e-35 0.8991832733154298 0.9063059687614442 0.27500000596046453
decision_type=2 2 2 2 2 2 2 2 2 2 2 2 2 2 2
left_child=1 8 3 4 -2 6 -3 -5 13 12 -11 -7 -4 -1 -10
right_child=2 5 9 7 -6 11 -8 -9 14 10 -12 -13 -14 -15 -16
leaf_value=-0.0385580583257139 0.0077948208037069214 -0.011564768805463754 0.044571327217309595 0.0013068239427571563 0.035068106212009995 -0.01301530309712009 0.014626336866333578 -0.028251593323959032 -0.015846255478679159 -0.0077081363199572976 0.028602229858404122 0.0030179780095734884 0.025019871099088254 -0.056952572579056518 -0.026930757391787147
leaf_weight=21.832336246967316 87.308899432420731 23.213569760322571 24.654711991548538 63.522424757480621 33.939211070537567 164.22943338751793 38.869485795497894 10.433845102787016 15.401254683732985 10.395060300827028 18.658045262098312 26.270000487565994 25.74923712015152 8.7374057471752185 19.101170688867569
leaf_count=60 235 63 66 171 91 445 105 28 42 28 50 71 69 24 52
internal_value=-6.6592e-07 -0.0121391 0.0140378 0.00849869 0.015429 -0.00696072 0.00483318 -0.00286332 -0.0322395 0.027646 0.0156106 -0.0108043 0.0345833 -0.0438156 -0.0219828
internal_weight=592.316 317.655 274.661 195.204 121.248 252.582 62.0831 73.9563 65.0722 79.4571 29.0531 190.499 50.4039 30.5697 34.5024
internal_count=1600 862 738 525 326 684 168 199 178 213 78 516 135 84 94
is_linear=0
shrinkage=0.05


Tree=7
num_leaves=12
num_cat=0
split_feature=8 10 8 10 10 8 10 10 10 8 9
split_gain=3.5268 4.42124 3.27265 2.16968 1.6649 1.43132 1.21012 1.17959 0.538697 0.426507 0.380953
threshold=0.72499999403953563 -0.12500000372529027 0.36249999701976782 -0.28750000894069666 0.30625000596046453 0.87500000000000011 -0.36249999701976771 0.40625000000000006 0.35625000298023229 0.62500000000000011 0.57500001788139354
decision_type=2 2 2 2 2 2 2 2 2 2 2
left_child=1 2 3 -1 9 7 -4 10 -6 -3 -2
right_child=5 4 6 -5 8 -7 -8 -9 -10 -11 -12
leaf_value=0.010590638018601094 -0.014456092362346039 0.0080251107346020114 0.0068343840256404305 -0.0067553191648193527 -0.021235468600291907 0.011620117974693039 -0.01526958574487975 -0.028869004019976469 -0.0013752639575633232 0.0023264325328167953 -0.0053597783651165966
leaf_weight=37.367460548877716 24.017761737108231 184.65535259246826 6.8856434226036063 34.832141488790512 6.5980354547500593 6.3035934567451468 61.464567244052887 10.223405510187147 7.0763950943946838 39.934223681688309 22.102393358945847
leaf_count=134 89 663 25 126 24 23 226 38 26 145 81
internal_value=1.43736e-05 0.00183178 -0.00520126 0.00222221 0.00598051 -0.0109751 -0.0130428 -0.013503 -0.010958 0.00701183 -0.0100968
internal_weight=441.461 378.814 140.55 72.1996 238.264 62.6472 68.3502 56.3436 13.6744 224.59 46.1202
internal_count=1600 1369 511 260 858 231 251 208 50 808 170
is_linear=0
shrinkage=0.05


Tree=8
num_leaves=15
num_cat=0
split_feature=10 9 9 10 9 8 8 8 9 8 8 8 8 9
split_gain=55.1182 7.98525 7.58337 6.27203 3.18189 2.81365 2.65923 2.18351 1.54213 1.34701 1.33063 0.955968 0.882242 0.429051
threshold=-0.075000001117587076 0.72499999403953563 0.82500001788139354 0.12500000372529033 0.22500000149011615 0.32500000298023229 0.57500001788139354 0.62500000000000011 0.52500000596046459 0.32500000298023229 0.32500000298023229 0.41875000298023229 0.62500000000000011 0.47499999403953558
decision_type=2 2 2 2 2 2 2 2 2 2 2 2 2 2
left_child=1 5 9 6 -5 13 10 -8 -7 -3 -2 -4 -6 -1
right_child=3 2 11 4 12 8 7 -9 -10 -11 -12 -13 -14 -15
leaf_value=0.017605097871565143 0.020187067550924268 0.064498434967649648 0.025484482299461316 -0.046690525652479081 -0.013840223692600235 0.022493606109276129 -0.031470038024079126 -0.0087210881582520956 0.0055982464648608871 0.041636192895305645 -0.0032010830771811057 0.0036683308351742696 -0.021910550003810213 0.027738255133841323
leaf_weight=17.853415846824646 6.511721432209014 7.798287719488143 7.3038580119609859 11.024513363838194 54.946961849927902 16.047151565551758 15.448691070079802 33.251763463020325 85.2872314453125 37.06519290804863 92.036155223846436 16.068707972764969 88.261200398206711 25.178391396999359
leaf_count=54 20 23 22 36 175 49 49 105 262 111 287 49 282 76
internal_value=-1.1576e-05 0.0194845 0.0335792 -0.0137601 -0.0208067 0.0128225 -0.00637919 -0.0159375 0.00827377 0.0456102 -0.00165567 0.0104858 -0.0188141 0.0235341
internal_weight=514.083 212.602 68.236 301.481 154.233 144.366 147.248 48.7005 101.334 44.8635 98.5479 23.3726 143.208 43.0318
internal_count=1600 646 205 954 493 441 461 154 311 134 307 71 457 130
is_linear=0
shrinkage=0.05


Tree=9
num_leaves=16
num_cat=0
split_feature=10 8 8 9 10 10 10 9 8 9 9 9 10 9 9
split_gain=36.1113 12.0917 7.41986 5.38029 4.47233 3.02895 2.85247 2.77187 2.44164 3.31935 2.40458 2.27573 1.66229 0.79293 0.723901
threshold=1.0000000180025095e-35 0.32500000298023229 0.72499999403953563 0.67499998211860668 -0.075000001117587076 0.16250000149011615 -0.28750000894069666 0.57500001788139354 0.82500001788139354 0.57500001788139354 0.32500000298023229 0.47499999403953558 0.12500000372529033 0.44374999403953558 0.77500000596046459
decision_type=2 2 2 2 2 2 2 2 2 2 2 2 2 2 2
left_child=1 6 5 7 -5 11 14 -3 12 -10 -7 -2 -4 -8 -1
right_child=2 3 8 4 -6 10 13 -9 9 -11 -12 -13 -14 -15 -16
leaf_value=-0.046522326662148276 -0.0027638175322128623 -0.0057427365050828488 0.0527784112236383 -0.018861067000393198 0.016908523586874957 0.024993134212752594 -0.028437356063073294 0.0083338302786787315 0.027875663948441327 -0.0068642632240146833 0.007858154811443304 0.012069197034737106 0.028649306140950917 -0.013236010610610985 -0.028627576009930513
leaf_weight=22.634229272603992 71.203194320201874 95.235464990139008 8.6020622551441175 91.991749852895737 9.6559410989284498 35.843004316091537 17.485543817281723 55.266799062490463 17.960502982139591 11.141339868307112 47.751038432121277 40.604398965835571 41.93176743388176 16.840538889169693 7.5322939157485953
leaf_count=63 192 258 23 251 26 96 48 149 48 30 128 109 112 46 21
internal_value=-5.16904e-06 -0.0115174 0.0132485 -0.00657594 -0.0154632 0.00800574 -0.0308372 -0.0005736 0.0261127 0.0145758 0.0152052 0.00262299 0.0327567 -0.0209795 -0.0420542
internal_weight=591.68 316.643 275.037 252.15 101.648 195.402 64.4926 150.502 79.6357 29.1018 83.594 111.808 50.5338 34.3261 30.1665
internal_count=1600 862 738 684 277 525 178 407 213 78 224 301 135 94 84
is_linear=0
shrinkage=0.05


Tree=10
num_leaves=12
num_cat=0
split_feature=8 10 8 10 10 8 10 10 10 9 10
split_gain=3.16597 4.11378 3.02099 2.01254 1.57184 1.3261 1.14872 1.13494 0.500179 0.377103 0.373859
threshold=0.72499999403953563 -0.12500000372529027 0.36249999701976782 -0.28750000894069666 0.30625000596046453 0.87500000000000011 -0.36249999701976771 0.40625000000000006 0.35625000298023229 0.57500001788139354 0.12500000372529033
decision_type=2 2 2 2 2 2 2 2 2 2 2
left_child=1 2 3 -1 9 7 -4 10 -6 -3 -2
right_child=5 4 6 -5 8 -7 -8 -9 -10 -11 -12
leaf_value=0.010057543460931163 -0.016742351636288687 0.0076582241792436251 0.0066936049561418728 -0.0066300518515338552 -0.020757747142672138 0.011228595667885711 -0.014833211845368822 -0.028161496837956462 -0.0015795503142772621 0.0022459021528415859 -0.006716273959874757
leaf_weight=37.626191049814224 12.998046845197676 186.57879891991615 6.8991483747959128 34.757314056158066 6.5246793925762159 6.3357721865177146 60.908775836229324 10.008645117282866 7.0985818803310394 38.892074048519135 32.662175834178925
leaf_count=134 48 667 25 126 24 23 226 38 26 141 122
internal_value=2.84369e-05 0.00174078 -0.00505957 0.00204445 0.00572812 -0.010446 -0.012643 -0.0129129 -0.0107647 0.00672464 -0.00957039
internal_weight=441.29 379.286 140.191 72.3835 239.094 62.0046 67.8079 55.6689 13.6233 225.471 45.6602
internal_count=1600 1369 511 260 858 231 251 208 50 808 170
is_linear=0
shrinkage=0.05


Tree=11
num_leaves=13
num_cat=0
split_feature=9 8 8 9 8 8 11 9 11 9 11 11
split_gain=28.4089 18.1277 12.7658 5.18455 4.90645 3.75278 2.55243 2.24596 2.14194 1.84418 1.61699 0.634781
threshold=0.67499998211860668 0.47499999403953558 0.72499999403953563 0.32500000298023229 0.32500000298023229 0.27500000596046453 0.8991832733154298 0.82500001788139354 0.8991832733154298 0.36249999701976782 0.87784731388092052 0.9029313623905183
decision_type=2 2 2 2 2 2 2 2 2 2 2 2
left_child=1 4 5 11 8 -2 -5 -7 -1 -6 -4 -3
right_child=2 3 10 6 9 7 -8 -9 -10 -11 -12 -13
leaf_value=0.0066770857905922342 0.063842838519931278 -0.042883614865214317 -0.0012001319895832319 -0.019669066146032272 -0.0093964715578164996 0.029732383887674203 -0.0080054343111938524 0.011038999965925268 0.028295654461042985 0.0042881855366294136 -0.032184470521068112 -0.028355367901442663
leaf_weight=19.369620144367218 6.9032037854194632 13.973412811756136 7.5469048321247127 79.745684951543808 33.843012690544128 73.563242793083191 113.90154007077217 20.558734357357025 28.049677222967148 90.331406533718109 9.5255333185195905 16.276361137628555
leaf_count=58 20 46 24 256 107 219 363 62 84 278 30 53
internal_value=-1.84789e-05 -0.00644449 0.0215013 -0.0158158 0.00578325 0.0282591 -0.0128086 0.0256493 0.019465 0.000558512 -0.0184878 -0.0350665
internal_weight=513.588 395.491 118.098 223.897 171.594 101.025 193.647 94.122 47.4193 124.174 17.0724 30.2498
internal_count=1600 1245 355 718 527 301 619 281 142 385 54 99
is_linear=0
shrinkage=0.05


Tree=12
num_leaves=15
num_cat=0
split_feature=8 8 8 9 11 9 9 9 8 11 9 9 9 8
split_gain=25.1278 11.3958 9.40909 9.31227 6.13675 5.59521 5.3383 2.13 2.07961 2.14814 1.86118 1.2343 1.13249 0.837214
threshold=0.47499999403953558 0.72499999403953563 0.32500000298023229 0.72499999403953563 0.9029313623905183 0.82500001788139354 0.67499998211860668 0.62500000000000011 0.87500000000000011 0.87784731388092052 0.52500000596046459 0.77500000596046459 0.77500000596046459 0.22500000149011615
decision_type=2 2 2 2 2 2 2 2 2 2 2 2 2 2
left_child=2 3 7 4 -2 -5 10 13 9 -3 -4 -9 -8 -1
right_child=1 8 6 5 -6 -7 12 11 -10 -11 -12 -13 -14 -15
leaf_value=-0.037210949295036919 0.013648304508262805 0.011434574662536535 -0.0062080003706603236 -0.033125359457856121 -0.0038539942216511674 0.0074125211055549702 -0.029480430177739859 -0.053482037753739803 0.0010961821548234403 0.031454820107393137 0.0055915515542503368 -0.027068053955834059 -0.012141345605157533 -0.019706367130436431
leaf_weight=8.2597868144512159 141.03674781322479 17.199108719825745 88.715098887681961 25.114302217960358 77.660308003425598 12.876227498054503 23.660732448101044 10.913653463125231 8.5816792845725995 60.638433784246445 53.616823613643646 7.4363529682159415 15.643399655818937 39.483889251947403
leaf_count=23 379 46 240 69 209 35 65 31 23 162 145 21 43 109
internal_value=-1.05536e-05 0.00875115 -0.0121455 0.00346388 0.00743316 -0.0193858 -0.00626749 -0.0282994 0.0244557 0.0270311 -0.00176308 -0.0427778 -0.0225793 -0.0227347
internal_weight=590.837 343.107 247.73 256.688 218.697 37.9905 181.636 66.0937 86.4192 77.8375 142.332 18.35 39.3041 47.7437
internal_count=1600 923 677 692 588 104 493 184 231 208 385 52 108 132
is_linear=0
shrinkage=0.05


Tree=13
num_leaves=12
num_cat=0
split_feature=8 10 8 10 10 8 10 10 10 10 8
split_gain=2.81932 3.81655 2.80909 1.94628 1.44632 1.22574 1.09941 1.07098 0.480016 0.358921 0.331637
threshold=0.72499999403953563 -0.12500000372529027 0.36249999701976782 -0.54375001788139332 0.30625000596046453 0.87500000000000011 0.40625000000000006 -0.36249999701976771 0.35625000298023229 0.12500000372529033 0.62500000000000011
decision_type=2 2 2 2 2 2 2 2 2 2 2
left_child=1 2 3 -1 10 6 9 -4 -6 -2 -3
right_child=5 4 7 -5 8 -7 -8 -9 -10 -11 -12
leaf_value=-0.026427149700745712 -0.016093244506838241 0.0073150222720870881 0.0063426186616332278 0.0042827381497242151 -0.020266989949208586 0.010873920530032354 -0.027482796073712037 -0.014406928499696532 -0.0014106302808934012 -0.0062059680474878315 0.0022950082104589088
leaf_weight=5.590262919664382 12.812961101531981 186.43454846739769 6.9329712092876425 66.919285893440247 6.4499838352203351 6.3644878566265097 9.8025553077459318 60.367855280637741 7.0794889032840729 32.361451178789139 39.949704021215439
leaf_count=20 48 663 25 240 24 23 38 226 26 122 145
internal_value=4.67944e-05 0.00165349 -0.00491293 0.0019151 0.00548009 -0.00989919 -0.012304 -0.0122694 -0.0104001 -0.00901033 0.00642915
internal_weight=441.066 379.724 139.81 72.5095 239.914 61.3415 54.977 67.3008 13.5295 45.1744 226.384
internal_count=1600 1369 511 260 858 231 208 251 50 170 808
is_linear=0
shrinkage=0.05


Tree=14
num_leaves=12
num_cat=0
split_feature=10 10 10 10 8 8 11 8 11 10 8
split_gain=44.6319 5.51705 4.43209 2.91384 2.50393 2.30011 2.48256 2.12664 1.39644 0.983529 0.401448
threshold=-0.075000001117587076 0.12500000372529033 -0.47499999403953547 -0.12500000372529027 0.44374999403953558 0.57500001788139354 0.89565312862396251 0.62500000000000011 0.8991832733154298 0.47499999403953558 0.52500000596046459
decision_type=2 2 2 2 2 2 2 2 2 2 2
left_child=2 5 -1 8 -5 6 -2 -7 -4 10 -3
right_child=1 9 3 4 -6 7 -8 -9 -10 -11 -12
leaf_value=0.045244588031686794 -0.016073358652919364 -0.024783204787964131 0.013201786455613002 0.020040008679258849 -0.0048609829075359602 -0.030241831776882791 0.002960757841462814 -0.0075443018651799448 0.02264764908322851 -0.035147081255686517 -0.017218693581759075
leaf_weight=13.251671701669691 22.112703889608383 20.521355718374252 69.135758936405182 15.685738533735273 28.327463001012802 15.074317485094069 76.034071922302246 32.720497637987137 90.143931865692139 9.2504449784755689 120.69039219617844
leaf_count=38 70 67 206 47 87 49 237 105 268 31 395
internal_value=-2.8081e-05 -0.0126344 0.0172273 0.015401 0.00401341 -0.005708 -0.00132767 -0.014703 0.0185476 -0.0193526 -0.018318
internal_weight=512.948 296.404 216.545 203.293 44.0132 145.942 98.1468 47.7948 159.28 150.462 141.212
internal_count=1600 954 646 608 134 461 307 154 474 493 462
is_linear=0
shrinkage=0.05


Tree=15
num_leaves=16
num_cat=0
split_feature=10 10 10 11 9 11 10 9 9 10 11 10 9 10 11
split_gain=29.4465 7.83373 6.31784 4.86169 3.71477 3.11648 4.23435 2.48266 1.83238 1.73355 1.4694 0.693243 0.689087 0.416065 0.102232
threshold=1.0000000180025095e-35 -0.28750000894069666 0.30625000596046453 0.8991832733154298 0.82500001788139354 0.89565312862396251 -0.18749999999999997 0.52500000596046459 0.72499999403953563 0.16250000149011615 0.9029313623905183 -0.43124999105930323 0.77500000596046459 0.47499999403953558 0.89565312862396251
decision_type=2 2 2 2 2 2 2 2 2 2 2 2 2 2 2
left_child=1 4 7 14 12 6 -3 9 -7 -2 -9 -6 -1 -5 -4
right_child=2 5 3 13 11 8 -8 10 -10 -11 -12 -13 -14 -15 -16
leaf_value=-0.033558109543801416 -0.00011363573739964751 -0.01915565464377059 0.042309627511555183 0.010490058922552082 -0.014970878843032718 -0.0072661740194854448 0.012444511500772845 0.0222460830641905 -0.022384028288834006 0.01048318569103569 0.0073134031607717618 0.0045868855089493121 -0.020554523819146804 0.023747335951836229 0.049149789774606531
leaf_weight=44.836852610111237 83.492617577314377 14.250245451927183 13.111581236124039 20.982050538063053 8.6248557269573229 159.76557984948158 41.397244960069656 40.796911329030991 22.918827295303345 71.769939750432968 27.632334500551224 9.5454900562763196 13.183595210313795 8.2433842122554761 9.3636389672756195
leaf_count=126 225 39 35 56 24 435 112 109 63 192 74 26 37 22 25
internal_value=-1.57455e-05 -0.0104688 0.0119225 0.0276752 -0.024425 -0.00600719 0.00435232 0.0082817 -0.0091628 0.00478473 0.0162161 -0.00469653 -0.0306034 0.0142294 0.0451594
internal_weight=589.915 314.523 275.392 51.7007 76.1908 238.332 55.6475 223.692 182.684 155.263 68.4292 18.1703 58.0204 29.2254 22.4752
internal_count=1600 862 738 138 213 649 151 600 498 417 183 50 163 78 60
is_linear=0
shrinkage=0.05


Tree=16
num_leaves=12
num_cat=0
split_feature=8 9 10 10 9 10 8 10 8 10 9
split_gain=2.50439 3.51004 1.3503 1.2999 5.4106 2.51532 1.09714 1.06815 0.974864 0.452181 0.368703
threshold=0.72499999403953563 0.57500001788139354 0.30625000596046453 -0.33749999105930323 0.72499999403953563 -0.12500000372529027 0.87500000000000011 0.40625000000000006 0.67499998211860668 0.35625000298023229 0.57500001788139354
decision_type=2 2 2 2 2 2 2 2 2 2 2
left_child=1 2 8 4 -3 -5 7 10 -1 -4 -2
right_child=6 3 9 5 -6 -7 -8 -9 -10 -11 -12
leaf_value=0.0053537685293750612 -0.012797529643381794 0.02975933160200421 -0.019831656997673607 -0.014242442542126896 -0.0099533527683643604 0.002061156321232176 0.010174179943572767 -0.026812105478647215 0.020199455449831857 -0.0014852904731407547 -0.0037062420450461836
leaf_weight=216.73251193761826 23.201105237007141 12.697036623954771 6.383534222841261 60.141066908836365 26.43076628446579 38.997742146253586 6.4233359098434439 9.5979954898357374 11.652723610401152 7.0874582827091217 21.474889576435089
leaf_count=770 89 44 24 226 96 141 23 38 42 26 81
internal_value=6.51024e-05 0.00157106 0.00520388 -0.00478347 0.00293348 -0.00782918 -0.00936612 -0.0116787 0.00611123 -0.0101791 -0.00842752
internal_weight=440.82 380.123 241.856 138.267 39.1278 99.1388 60.6973 54.274 228.385 13.471 44.676
internal_count=1600 1369 862 507 140 367 231 208 812 50 170
is_linear=0
shrinkage=0.05


Tree=17
num_leaves=12
num_cat=0
split_feature=10 10 10 10 8 8 11 8 8 10 8
split_gain=40.2968 5.137 3.87186 2.52968 2.26221 2.12533 2.31493 2.02251 1.34051 0.953382 0.406067
threshold=-0.075000001117587076 0.12500000372529033 -0.47499999403953547 -0.12500000372529027 0.44374999403953558 0.57500001788139354 0.89565312862396251 0.62500000000000011 0.52500000596046459 0.47499999403953558 0.52500000596046459
decision_type=2 2 2 2 2 2 2 2 2 2 2
left_child=2 5 -1 8 -5 6 -2 -7 -4 10 -3
right_child=1 9 3 4 -6 7 -8 -9 -10 -11 -12
leaf_value=0.042203016275929005 -0.015543579231110445 -0.024174361188512305 0.015262451603749958 0.019058424282882212 -0.0045645541347612327 -0.029442643595322379 0.0028919276479606269 -0.0071603434947081039 0.027005353345380054 -0.034369848646461865 -0.016522301481254113
leaf_weight=13.476080834865568 21.937823563814163 20.285546064376831 130.80989557504654 15.811796963214872 28.225640326738358 14.821613550186155 76.086635410785675 32.545883327722549 29.848426550626755 9.062641888856886 119.28994622826576
leaf_count=38 70 67 387 47 87 49 237 105 87 31 395
internal_value=-3.7895e-05 -0.0121185 0.0162431 0.014534 0.00391736 -0.00543622 -0.00123393 -0.0141326 0.0174441 -0.0186548 -0.0176344
internal_weight=512.202 294.03 218.172 204.696 44.0374 145.392 98.0245 47.3675 160.658 148.638 139.575
internal_count=1600 954 646 608 134 461 307 154 474 493 462
is_linear=0
shrinkage=0.05


Tree=18
num_leaves=16
num_cat=0
split_feature=8 8 8 9 11 9 9 9 8 9 9 9 9 11 8
split_gain=20.3951 9.42438 8.32526 7.87425 5.55882 5.25858 4.57614 1.91731 1.89559 2.52869 1.8938 1.19898 1.04514 1.00967 0.767232
threshold=0.47499999403953558 0.72499999403953563 0.32500000298023229 0.72499999403953563 0.9029313623905183 0.82500001788139354 0.67499998211860668 0.62500000000000011 0.82500001788139354 0.57500001788139354 0.52500000596046459 0.77500000596046459 0.77500000596046459 0.8991832733154298 0.22500000149011615
decision_type=2 2 2 2 2 2 2 2 2 2 2 2 2 2 2
left_child=2 3 7 4 -2 -5 10 14 13 -10 -4 -9 -8 -3 -1
right_child=1 8 6 5 -6 -7 12 11 9 -11 -12 -13 -14 -15 -16
leaf_value=-0.03508871841710972 0.012588752710952956 0.034374621356324998 -0.005827959689182558 -0.031501553075735038 -0.0040647513622410021 0.0079002983079339423 -0.02739637607936652 -0.051111481973306984 0.024009214160036048 -0.0054057268735319512 0.0060859391825677867 -0.024717288174959492 -0.010647092248511843 0.020963029505676814 -0.018181443230529053
leaf_weight=8.1011090874671918 141.23735794425011 27.677947610616684 88.536265850067139 24.832058697938919 77.661460041999817 12.849724292755125 23.325624108314514 10.541924059391024 17.977293461561207 12.308974415063856 53.517893880605698 7.2697547674179068 15.504453629255293 28.466229408979416 39.073933362960815
leaf_count=23 379 74 240 69 209 35 65 31 48 33 145 21 43 76 109
internal_value=-2.16327e-05 0.00785641 -0.0110122 0.0030462 0.00668038 -0.0180653 -0.00549741 -0.026362 0.0221362 0.0120544 -0.00133948 -0.0403388 -0.0207086 0.0275747 -0.0210848
internal_weight=588.882 343.011 245.871 256.581 218.899 37.6818 180.884 64.9867 86.4304 30.2863 142.054 17.8117 38.8301 56.1442 47.175
internal_count=1600 923 677 692 588 104 493 184 231 81 385 52 108 150 132
is_linear=0
shrinkage=0.05


Tree=19
num_leaves=15
num_cat=0
split_feature=9 10 11 11 10 10 10 10 9 11 9 10 9 9
split_gain=2.24699 2.99712 2.50598 1.89915 1.58279 1.85506 0.597647 0.626711 0.586299 3.16571 1.89569 0.345497 0.198916 0.0410434
threshold=0.57500001788139354 0.30625000596046453 0.8991832733154298 0.8991832733154298 0.12500000372529033 -1.0000000180025095e-35 1.0000000180025095e-35 -0.12500000372529027 0.44374999403953558 0.9063059687614442 0.38750000298023229 0.40625000000000006 0.32500000298023229 0.67499998211860668
decision_type=2 2 2 2 2 2 2 2 2 2 2 2 2 2
left_child=1 8 12 6 5 -5 7 -2 10 -10 -1 -4 -3 -8
right_child=3 2 11 4 -6 -7 13 -9 9 -11 -12 -13 -14 -15
leaf_value=0.0035044907327154424 -0.011707370598445352 -0.019408200481437113 -0.0049374026495467545 0.0013154117349850046 0.025584596318785041 -0.020796094412758353 -0.018064404264918732 -7.5008990191363254e-05 0.0066948005394447691 -0.011531272059864532 0.018646862480901631 0.0081704999579182529 -0.030985751541802414 -0.023777806676213913
leaf_weight=75.782661706209183 42.288857847452164 6.4244558066129676 11.711018323898317 74.158190548419952 5.7536075413227072 10.876769125461577 7.9378897696733457 15.944814711809157 107.86710035800934 30.578429371118546 28.420462429523468 8.8080687671899778 8.780786380171774 5.2041727155447006
leaf_count=267 157 25 44 272 21 40 30 58 387 110 100 34 35 20
internal_value=8.53143e-05 0.0028108 -0.0107104 -0.00459328 0.000204409 -0.00151286 -0.0106959 -0.00852234 0.00480148 0.00266921 0.00763444 0.000689325 -0.0260941 -0.0203269
internal_weight=440.537 278.373 35.7243 162.164 90.7886 85.035 71.3757 58.2337 242.649 138.446 104.203 20.5191 15.2052 13.1421
internal_count=1600 1002 138 598 333 312 265 215 864 497 367 78 60 50
is_linear=0
shrinkage=0.05


Tree=20
num_leaves=13
num_cat=0
split_feature=10 9 9 9 10 11 9 10 9 9 9 10
split_gain=36.2481 5.59486 6.0328 4.86934 3.29563 2.48454 1.8096 1.52748 1.51644 0.739333 0.643389 0.349208
threshold=-0.075000001117587076 0.72499999403953563 0.82500001788139354 0.22500000149011615 0.12500000372529033 0.8991832733154298 0.52500000596046459 -0.33749999105930323 0.47499999403953558 0.77500000596046459 0.32500000298023229 -0.36249999701976771
decision_type=2 2 2 2 2 2 2 2 2 2 2 2
left_child=1 5 9 -2 6 7 -5 -1 -7 -3 -6 -4
right_child=3 2 11 4 10 8 -8 -9 -10 -11 -12 -13
leaf_value=0.022841770836564742 -0.044898730737589154 0.043142643672695796 0.013223948423881492 -0.00047716003677154687 -0.022636124385634063 0.031882724691922333 -0.011874945094677625 -0.00053671910962472126 0.012673104612748185 0.03062302418796908 -0.014167443019163726 0.0011299164769162171
leaf_weight=7.9747610986232749 10.583190172910689 24.728595376014709 10.69733113050461 86.056182295084 28.292874604463577 11.986349999904631 58.495297223329544 56.402712792158127 71.904637962579727 22.541687101125717 108.18526208400726 13.502854496240614
leaf_count=23 37 70 31 270 96 35 190 169 214 64 361 40
internal_value=-4.85869e-05 0.0152871 0.0267785 -0.0116045 -0.0103507 0.00974784 -0.00508947 0.00235929 0.0154178 0.0371724 -0.0159231 0.0064759
internal_weight=511.352 219.739 71.4705 291.613 281.03 148.268 144.551 64.3775 83.891 47.2703 136.478 24.2002
internal_count=1600 646 205 954 917 441 460 192 249 134 457 71
is_linear=0
shrinkage=0.05


Tree=21
num_leaves=16
num_cat=0
split_feature=10 10 10 11 9 11 10 9 9 10 11 9 10 9 11
split_gain=23.9814 6.67945 5.23558 4.39477 3.32372 2.80861 3.77946 2.0687 1.54802 1.45587 1.26959 0.644729 0.585065 0.393051 0.0965486
threshold=1.0000000180025095e-35 -0.28750000894069666 0.30625000596046453 0.8991832733154298 0.82500001788139354 0.89565312862396251 -0.18749999999999997 0.52500000596046459 0.72499999403953563 0.16250000149011615 0.9029313623905183 0.77500000596046459 -0.43124999105930323 0.32500000298023229 0.89565312862396251
decision_type=2 2 2 2 2 2 2 2 2 2 2 2 2 2 2
left_child=1 4 7 14 11 6 -3 9 -7 -2 -9 -1 -6 -5 -4
right_child=2 5 3 13 12 8 -8 10 -10 -11 -12 -13 -14 -15 -16
leaf_value=-0.03136731218487146 -0.00026244580946803295 -0.017888986082113072 0.039005774154280422 0.019281677492433771 -0.013370404122865363 -0.0066730100788728154 0.012055252740120309 0.020263361000227988 -0.020648978390429139 0.0094453461251839625 0.0063871740593099821 -0.018679586310151455 0.0046545236829271973 0.0074870863856028444 0.045672597339393987
leaf_weight=43.857702881097794 83.505731672048569 14.134978622198103 13.04079994559288 11.970512896776201 8.5235372483730334 159.23881322145462 41.405297547578812 40.815775394439697 22.628594249486923 71.851635158061981 27.651352733373642 12.974792927503584 9.5414599776267988 17.231473535299301 9.3058644831180573
leaf_count=126 225 39 35 32 24 435 112 109 63 192 74 37 26 46 25
internal_value=-2.93386e-05 -0.00951372 0.010727 0.0250931 -0.0225323 -0.0054066 0.00443446 0.00741843 -0.00841195 0.00422734 0.0146593 -0.0284707 -0.00385011 0.0123219 0.0417821
internal_weight=587.678 312.305 275.373 51.5487 74.8975 237.408 55.5403 223.824 181.867 155.357 68.4671 56.8325 18.065 29.202 22.3467
internal_count=1600 862 738 138 213 649 151 600 498 417 183 163 50 78 60
is_linear=0
shrinkage=0.05


Tree=22
num_leaves=14
num_cat=0
split_feature=8 11 8 10 11 10 8 8 8 10 10 11 8
split_gain=2.13429 5.89257 3.80549 3.58275 2.25171 2.18337 1.93433 1.8368 1.767 1.72866 1.44447 1.50255 0.874082
threshold=0.62500000000000011 0.9029313623905183 0.72499999403953563 -0.12500000372529027 0.87784731388092052 -0.28750000894069666 0.38750000298023229 0.87500000000000011 0.27500000596046453 0.12500000372529033 0.40625000000000006 0.89565312862396251 0.57500001788139354
decision_type=2 2 2 2 2 2 2 2 2 2 2 2 2
left_child=3 10 9 5 -5 6 -1 -4 -7 -3 11 -2 -6
right_child=1 2 7 4 12 8 -8 -9 -10 -11 -12 -13 -14
leaf_value=0.009698490121543675 -0.0056482240605988526 0.0062285950106172813 -0.010922422653111337 -0.019189140738764168 0.0060994786526252405 0.012694661502247937 -0.0092968791663422656 0.021442332692013524 -0.012330728538847787 0.034061012188629655 -0.041952650709032535 -0.022175246507840037 0.015219401959631515
leaf_weight=38.583925187587738 26.70567612349987 9.9389506578445452 24.973312497138981 8.1477918624877912 152.50325590372086 7.8733152151107779 20.535026371479034 5.3172553777694693 67.755462527275085 12.717288464307783 5.1084595322608939 28.353265002369881 31.741341471672058
leaf_count=136 102 36 96 30 536 28 77 19 255 45 21 107 112
internal_value=0.000107019 -0.00581341 0.00635194 0.00215411 0.00653314 -0.00409826 0.00310043 -0.00524106 -0.00972547 0.0218514 -0.0165188 -0.014159 0.00767064
internal_weight=440.254 113.114 52.9468 327.14 192.392 134.748 59.119 30.2906 75.6288 22.6562 60.1674 55.0589 184.245
internal_count=1600 426 196 1174 678 496 213 115 283 81 230 209 648
is_linear=0
shrinkage=0.05


Tree=23
num_leaves=13
num_cat=0
split_feature=10 9 9 9 10 11 9 11 9 11 9 10
split_gain=32.8291 4.95223 5.27983 4.74372 3.01113 2.30004 1.67619 1.52155 1.36512 0.730973 0.641968 0.29422
threshold=-0.075000001117587076 0.72499999403953563 0.82500001788139354 0.22500000149011615 0.12500000372529033 0.8991832733154298 0.52500000596046459 0.87784731388092052 0.47499999403953558 0.87784731388092052 0.32500000298023229 -0.36249999701976771
decision_type=2 2 2 2 2 2 2 2 2 2 2 2
left_child=1 5 9 -2 6 7 -5 -1 -7 -3 -6 -4
right_child=3 2 11 4 10 8 -8 -9 -10 -11 -12 -13
leaf_value=0.021131322773979 -0.04438876116724743 0.020909916517402701 0.012362435168114326 -0.00044954194073019445 -0.022023785392132341 0.030204157687146217 -0.011441877728021441 -0.00097128468481019162 0.01207202689698338 0.037576679503809177 -0.013512287541151954 0.0012771377128737104
leaf_weight=9.0592294335365278 10.343838125467299 7.8736656904220572 10.764643847942354 86.018558889627457 27.937919169664383 12.122069925069807 58.107599139213562 55.420407921075821 72.246653527021408 39.999285697937012 106.99713158607483 13.483107328414915
leaf_count=27 37 22 31 270 96 35 190 165 214 112 361 40
internal_value=-5.85334e-05 0.014454 0.0252074 -0.0111392 -0.0099068 0.00924367 -0.00488134 0.00213408 0.0146772 0.0348355 -0.0152746 0.00619839
internal_weight=510.374 220.969 72.1207 289.405 279.061 148.848 144.126 64.4796 84.3687 47.873 134.935 24.2478
internal_count=1600 646 205 954 917 441 460 192 249 134 457 71
is_linear=0
shrinkage=0.05


Tree=24
num_leaves=16
num_cat=0
split_feature=10 8 10 11 11 10 10 11 8 8 10 8 11 8 8
split_gain=21.5511 8.82467 4.7476 4.05138 3.54474 2.60063 2.21363 1.90273 4.70432 2.82002 1.71508 1.47834 0.860374 0.43522 0.175434
threshold=1.0000000180025095e-35 0.32500000298023229 0.30625000596046453 0.8991832733154298 0.89565312862396251 -0.18749999999999997 -0.28750000894069666 0.9029313623905183 0.47499999403953558 0.72499999403953563 -1.0000000180025095e-35 0.72499999403953563 0.9063059687614442 0.27500000596046453 0.77500000596046459
decision_type=2 2 2 2 2 2 2 2 2 2 2 2 2 2 2
left_child=1 6 7 14 5 -3 12 8 -2 -9 -6 -5 -1 -8 -4
right_child=2 4 3 11 10 -7 13 9 -10 -11 -12 -13 -14 -15 -16
leaf_value=-0.03080336186250044 -0.010500851698245064 -0.0079002369460710164 0.035934608243202985 -0.0052548550950946658 -0.010203696622918925 0.013382334753402969 -0.010941926242355245 -0.0036896482478231091 0.014815168404002163 0.017314227884184966 0.0035871414104499664 0.019121106058689049 -0.050169414866374107 -0.022406237514919883 0.044867181526567823
leaf_weight=20.192503809928894 21.883022278547287 22.735505312681198 12.230900913476946 8.9901348948478716 161.59709194302559 38.935573369264603 14.942616522312163 67.326880395412445 113.67352670431137 20.954247951507568 26.199710011482239 20.186306327581406 8.0102633237838763 18.562627971172333 9.9832801818847638
leaf_count=60 59 63 33 24 445 105 42 181 304 56 71 54 24 52 27
internal_value=-3.73231e-05 -0.00905199 0.0101547 0.0238599 -0.00486424 0.00553636 -0.0259818 0.00700819 0.0107284 0.00129579 -0.00827972 0.0116101 -0.0363038 -0.0172934 0.039949
internal_weight=586.404 311.176 275.228 51.3906 249.468 61.6711 61.708 223.838 135.557 88.2811 187.797 29.1764 28.2028 33.5052 22.2142
internal_count=1600 862 738 138 684 168 178 600 363 237 516 78 84 94 60
is_linear=0
shrinkage=0.05


Tree=25
num_leaves=12
num_cat=0
split_feature=9 8 11 8 8 8 9 11 8 9 9
split_gain=1.97042 1.98964 5.05104 1.98945 1.91543 2.33631 1.65808 1.61012 1.21835 0.914385 0.713789
threshold=0.67499998211860668 0.62500000000000011 0.9029313623905183 0.72499999403953563 0.27500000596046453 0.38750000298023229 0.72499999403953563 0.87784731388092052 0.57500001788139354 0.44374999403953558 0.72499999403953563
decision_type=2 2 2 2 2 2 2 2 2 2 2
left_child=1 7 9 -4 -2 6 -6 -1 -9 -3 -7
right_child=4 2 3 -5 5 10 -8 8 -10 -11 -12
leaf_value=-0.015064902427987074 -0.034900609169057725 -0.027245658068547458 0.020058179765105891 -0.0017137772594384153 0.031976565742154149 -0.015640376094597081 0.00021145941744303405 0.0036527549231308216 0.014632351246243992 -0.011654548326625908 -0.0050222625597192263
leaf_weight=10.500950232148169 5.4932501316070548 13.344370394945143 18.514260411262512 24.216606348752975 6.4539567530155209 23.520810917019844 11.302511870861052 217.73264053463936 28.583029270172119 31.847934365272522 48.390495091676712
leaf_count=39 20 54 65 93 22 89 41 772 100 122 183
internal_value=0.00012871 0.00188686 -0.00460503 0.00771949 -0.00624054 -0.00448476 0.0117571 0.00410941 0.00492685 -0.0162583 -0.00849524
internal_weight=439.901 344.74 87.9232 42.7309 95.161 89.6678 17.7565 256.817 246.316 45.1923 71.9113
internal_count=1600 1245 334 158 355 335 63 911 872 176 272
is_linear=0
shrinkage=0.05


Tree=26
num_leaves=13
num_cat=0
split_feature=10 9 9 9 8 9 9 9 9 8 8 9
split_gain=29.5324 4.56034 4.48094 4.75456 3.83891 2.72364 2.25556 1.76196 1.15488 0.990612 0.584557 0.384336
threshold=-0.075000001117587076 0.22500000149011615 0.72499999403953563 0.82500001788139354 0.47499999403953558 0.32500000298023229 0.52500000596046459 0.67499998211860668 0.27500000596046453 0.47499999403953558 0.41875000298023229 0.47499999403953558
decision_type=2 2 2 2 2 2 2 2 2 2 2 2
left_child=2 -2 6 9 8 -6 11 -8 -3 -4 -5 -1
right_child=1 4 3 10 5 -7 7 -9 -10 -11 -12 -13
leaf_value=0.014661118598370857 -0.043770488612244252 0.021324146514711609 0.039496119667804919 0.017101503988795144 -0.029116920095859047 -0.010711351512402391 0.00081644975270937802 0.015022334565663605 -0.0008784292605332353 0.025138614099718966 0.00047144016459211972 0.024466267546691053
leaf_weight=25.49982014298439 10.036019086837767 6.5418735444545737 26.047565102577209 7.7578480243682888 22.447857797145844 192.15240848064423 77.177914440631866 30.434647411108017 55.93781504034996 22.2988620698452 16.572260707616806 16.435647279024124
leaf_count=74 37 21 72 22 79 642 231 88 175 62 49 48
internal_value=-6.81928e-05 -0.0106603 0.0136169 0.0238017 -0.00946103 -0.0126366 0.00866736 0.00483411 0.00144627 0.032874 0.00577407 0.018504
internal_weight=509.341 287.116 222.225 72.6765 277.08 214.6 149.548 107.613 62.4797 48.3464 24.3301 41.9355
internal_count=1600 954 646 205 917 721 441 319 196 134 71 122
is_linear=0
shrinkage=0.05


Tree=27
num_leaves=16
num_cat=0
split_feature=10 10 10 11 9 9 9 10 11 9 10 9 10 9 11
split_gain=19.348 5.68567 4.29693 3.76007 3.12379 2.60552 3.42873 1.79362 1.74069 2.11197 1.15917 0.977778 0.546182 0.36332 0.0955466
threshold=1.0000000180025095e-35 -0.28750000894069666 0.30625000596046453 0.8991832733154298 0.77500000596046459 0.52500000596046459 0.67499998211860668 -0.36249999701976771 0.9029313623905183 0.47499999403953558 -0.47499999403953547 0.32500000298023229 -0.037500000558793538 0.32500000298023229 0.89565312862396251
decision_type=2 2 2 2 2 2 2 2 2 2 2 2 2 2 2
left_child=1 4 8 14 7 12 -7 -1 9 -2 -6 -10 -3 -5 -4
right_child=2 5 3 13 10 6 -8 -9 11 -11 -12 -13 -14 -15 -16
leaf_value=-0.043081963140980437 0.0051690927392600439 -0.014193369985393008 0.035477810070588249 0.01759445716427261 -0.023503568574360045 0.0051272671288473343 -0.010441783465643825 -0.021786197640364043 0.01072985297933866 0.017953851254164436 -0.0022300701924028231 -0.001736602766771131 -0.0053584766179112404 0.0062408263417804855 0.042155016646204947
leaf_weight=15.460722535848616 82.436530709266663 62.554641097784042 12.872250229120255 11.93339064717293 9.115228474140169 92.33846378326416 57.311662763357162 27.428363382816315 20.481490075588226 53.117189556360245 21.52369436621666 67.781511664390564 24.284646689891815 17.205622583627701 9.1771618127822876
leaf_count=47 221 174 35 32 27 250 159 79 55 142 60 182 66 46 25
internal_value=-4.46891e-05 -0.00860874 0.00960969 0.0226786 -0.0207523 -0.00483312 -0.000835228 -0.0294629 0.00662075 0.0101788 -0.00855904 0.00115625 -0.0117227 0.0108905 0.0382569
internal_weight=585.023 310.017 275.005 51.1884 73.528 236.489 149.65 42.8891 223.817 135.554 30.6389 88.263 86.8393 29.139 22.0494
internal_count=1600 862 738 138 213 649 409 126 600 363 87 237 240 78 60
is_linear=0
shrinkage=0.05


Tree=28
num_leaves=14
num_cat=0
split_feature=9 8 11 11 8 9 9 11 8 9 11 9 11
split_gain=1.84062 2.78196 2.38499 1.65263 0.836347 2.25047 0.875302 0.461206 0.293571 0.919612 0.775244 0.224321 0.675812
threshold=0.57500001788139354 0.72499999403953563 0.87784731388092052 0.8991832733154298 0.38750000298023229 0.72499999403953563 0.67499998211860668 0.9063059687614442 0.62500000000000011 0.77500000596046459 0.89565312862396251 0.52500000596046459 0.8991832733154298
decision_type=2 2 2 2 2 2 2 2 2 2 2 2 2
left_child=1 2 -1 8 5 -5 -6 -4 10 -10 -2 12 -3
right_child=3 11 7 4 6 -7 -8 -9 9 -11 -12 -13 -14
leaf_value=-0.020856602733356315 -0.01331442153927302 -0.019069799594749068 0.0066654443544568402 0.021938159519124964 0.0039893206676301874 -0.009311966782875554 -0.0075311378574439355 0.0014051194041207063 -0.021712188377630739 0.0023371245742316452 -0.00081129383605560424 -0.017061312600709724 -0.0019526396155387666
leaf_weight=8.9401374459266645 28.328312560915947 9.0139372348785418 181.04354110360146 13.368733048439028 29.303257524967194 10.124056011438368 37.699375838041306 54.126283049583435 14.300940856337549 5.5052210986614218 22.045970797538757 9.7465938329696638 16.005136832594872
leaf_count=34 107 39 638 46 108 37 142 190 56 21 81 38 63
internal_value=0.000150574 0.00260651 0.00449113 -0.00411205 0.000353514 0.00847113 -0.00249272 0.00545474 -0.00987026 -0.0150276 -0.00784251 -0.0106265 -0.00811965
internal_weight=439.551 278.876 244.11 160.676 90.4954 23.4928 67.0026 235.17 70.1804 19.8062 50.3743 34.7657 25.0191
internal_count=1600 1002 862 598 333 83 250 828 265 77 188 140 102
is_linear=0
shrinkage=0.05


Tree=29
num_leaves=13
num_cat=0
split_feature=9 8 8 9 8 8 11 11 11 9 9 11
split_gain=15.7371 10.0689 7.37941 4.3468 2.84791 2.38279 2.08312 1.851 1.66555 1.48941 1.12989 0.642502
threshold=0.67499998211860668 0.47499999403953558 0.72499999403953563 0.32500000298023229 0.32500000298023229 0.27500000596046453 0.8991832733154298 0.9063059687614442 0.87784731388092052 0.82500001788139354 0.36249999701976782 0.9029313623905183
decision_type=2 2 2 2 2 2 2 2 2 2 2 2
left_child=1 4 5 11 7 -2 -5 -1 -4 -7 -6 -3
right_child=2 3 8 6 10 9 -8 -9 -10 -11 -12 -13
leaf_value=0.0068624482261084993 0.047703493424179566 -0.039492447690043085 0.0021389800139763214 -0.016053613332945797 -0.0080729032707426377 0.021505735541817776 -0.0052283605279248996 0.027108728529469946 -0.030009927979951025 0.0065894562264076032 0.0026985297444189794 -0.024036405414780464
leaf_weight=31.918697237968445 7.3986308276653281 12.332798406481743 7.2320142090320614 74.830513596534729 33.146168828010559 77.52800315618515 109.42753028869629 17.466577023267746 9.0955202579498273 21.34220489859581 91.702734708786011 14.784218892455101
leaf_count=92 20 46 24 256 107 219 363 50 30 62 278 53
internal_value=-7.87884e-05 -0.00503988 0.0155256 -0.0123753 0.00385925 0.020334 -0.00962469 0.0140231 -0.0157701 0.0182859 -0.000161181 -0.0310658
internal_weight=508.206 385.609 122.596 211.375 174.234 106.269 184.258 49.3853 16.3275 98.8702 124.849 27.117
internal_count=1600 1245 355 718 527 301 619 142 54 281 385 99
is_linear=0
shrinkage=0.05


Tree=30
num_leaves=16
num_cat=0
split_feature=10 10 10 11 9 9 9 10 11 9 10 9 10 9 11
split_gain=17.3222 5.25391 3.93581 3.47922 2.94312 2.40381 3.1114 1.74617 1.5911 1.929 1.07306 0.904847 0.495949 0.323759 0.0936873
threshold=1.0000000180025095e-35 -0.28750000894069666 0.30625000596046453 0.8991832733154298 0.77500000596046459 0.52500000596046459 0.67499998211860668 -0.36249999701976771 0.9029313623905183 0.47499999403953558 -0.47499999403953547 0.32500000298023229 -0.037500000558793538 0.32500000298023229 0.89565312862396251
decision_type=2 2 2 2 2 2 2 2 2 2 2 2 2 2 2
left_child=1 4 8 14 7 12 -7 -1 9 -2 -6 -10 -3 -5 -4
right_child=2 5 3 13 10 6 -8 -9 11 -11 -12 -13 -14 -15 -16
leaf_value=-0.042060643230968767 0.0048390998072076119 -0.013551457353566311 0.033930967044444205 0.016633621991342589 -0.022566505990559708 0.0049538753527073329 -0.0098928055051026951 -0.020872818748513905 0.010203431251025505 0.017059634903178196 -0.0020069818382459441 -0.0017855075480266683 -0.0051242748157653336 0.0059093701833412022 0.040572416252925042
leaf_weight=15.142496287822722 82.46447291970253 62.280689179897308 12.766207933425903 11.912087410688402 9.0066168010234851 92.373090207576752 57.10396534204483 27.176297426223755 20.4979048371315 53.07522776722908 21.488475948572159 67.776391237974167 24.259071230888367 17.198475271463394 9.0915791392326355
leaf_count=47 221 174 35 32 27 250 159 79 55 142 60 182 66 46 25
internal_value=-5.43166e-05 -0.0081797 0.00907788 0.0216175 -0.019921 -0.00455738 -0.000717927 -0.0284542 0.00622227 0.00962447 -0.00807916 0.000998407 -0.0111891 0.0102978 0.0366934
internal_weight=583.613 308.831 274.782 50.9683 72.8139 236.017 149.477 42.3188 223.814 135.54 30.4951 88.2743 86.5398 29.1106 21.8578
internal_count=1600 862 738 138 213 649 409 126 600 363 87 237 240 78 60
is_linear=0
shrinkage=0.05


Tree=31
num_leaves=14
num_cat=0
split_feature=9 8 11 11 8 9 11 8 8 9 11 9 11
split_gain=1.70719 2.53128 2.22478 1.53837 0.777021 3.81738 0.420002 0.319454 0.273941 0.864548 0.732847 0.222961 0.614562
threshold=0.57500001788139354 0.72499999403953563 0.87784731388092052 0.8991832733154298 0.32500000298023229 0.72499999403953563 0.9063059687614442 0.52500000596046459 0.62500000000000011 0.77500000596046459 0.89565312862396251 0.52500000596046459 0.8991832733154298
decision_type=2 2 2 2 2 2 2 2 2 2 2 2 2
left_child=1 2 -1 8 5 -5 -4 -6 10 -10 -2 12 -3
right_child=3 11 6 4 7 -7 -8 -9 9 -11 -12 -13 -14
leaf_value=-0.020332522544845924 -0.012916309493960516 -0.018255678581683806 0.0063961601879854134 0.038488691578642709 -0.0048003807297989677 -0.017612343357585134 0.0013790218026498973 0.0015936847697888444 -0.021112403997358989 0.0022460576838157875 -0.00073257444127314655 -0.016611708854619846 -0.0018006965247817583
leaf_weight=8.8202538937330228 28.091290727257729 8.8038505762815493 181.68717806041241 6.4496616721153242 37.459831804037094 5.7227058708667755 54.144968211650848 40.82109409570694 14.072508141398432 5.513286054134368 22.014484733343124 9.6428712457418424 15.962424531579016
leaf_count=34 107 39 638 21 140 21 190 151 56 21 81 38 63
internal_value=0.000174815 0.00253629 0.00432217 -0.00394019 0.000361328 0.0121134 0.00524427 -0.00146607 -0.00952317 -0.0145371 -0.00756326 -0.0101615 -0.00765007
internal_weight=439.206 279.062 244.652 160.145 90.4533 12.1724 235.832 78.2809 69.6916 19.5858 50.1058 34.4091 24.7663
internal_count=1600 1002 862 598 333 42 828 291 265 77 188 140 102
is_linear=0
shrinkage=0.05


Tree=32
num_leaves=15
num_cat=0
split_feature=10 10 9 9 9 9 10 9 9 9 8 10 8 8
split_gain=24.2006 5.20759 3.13266 2.98435 2.2418 2.21768 1.56758 1.52223 1.45631 0.921928 0.812202 0.342299 0.262229 0.249266
threshold=-0.12500000372529027 0.12500000372529033 0.67499998211860668 0.22500000149011615 0.52500000596046459 0.82500001788139354 -0.037500000558793538 0.72499999403953563 0.52500000596046459 0.57500001788139354 0.62500000000000011 -0.18749999999999997 0.32500000298023229 0.41875000298023229
decision_type=2 2 2 2 2 2 2 2 2 2 2 2 2 2
left_child=2 4 8 -3 6 7 -2 -4 11 -6 -5 -1 -10 -7
right_child=1 3 5 10 9 13 -8 -9 12 -11 -12 -13 -14 -15
leaf_value=0.023028673407226401 0.011015439992596595 -0.042868811360537593 0.015525795144207783 -0.0085652664463169697 -0.016486926583220523 0.014832174755984027 -0.0021160596698678986 0.030860811931866246 0.0087452709210380335 -0.0052390509949205976 -0.01665766081567056 0.011587175076701775 0.0013525575125112514 0.0038855354707986976
leaf_weight=13.717415153980255 34.133884340524673 9.2804783284664136 25.14078551530838 50.583146929740906 26.318524688482285 7.8575215935707119 68.007078409194946 45.416459023952484 16.674283236265182 59.187925785779953 80.114977046847343 12.488331109285355 42.747482925653458 15.378848940134047
leaf_count=39 102 36 71 175 86 22 216 124 47 191 282 36 128 45
internal_value=-8.89072e-05 -0.00817254 0.0146719 -0.0154711 -0.00272803 0.0209846 0.00227228 0.0253967 0.0077573 -0.0087011 -0.0135257 0.0175762 0.00342702 0.00758721
internal_weight=507.047 327.626 179.421 139.979 187.647 93.7936 102.141 70.5572 85.6275 85.5065 130.698 26.2057 59.4218 23.2364
internal_count=1600 1088 512 493 595 262 318 195 250 277 457 75 175 67
is_linear=0
shrinkage=0.05


Tree=33
num_leaves=13
num_cat=0
split_feature=8 8 9 9 11 11 9 9 8 8 9 9
split_gain=13.7723 9.41142 7.18027 3.79624 2.97007 1.84259 1.52445 1.1924 1.18255 0.660373 0.330411 0.257367
threshold=0.32500000298023229 0.72499999403953563 0.72499999403953563 0.82500001788139354 0.8991832733154298 0.87784731388092052 0.62500000000000011 0.77500000596046459 0.82500001788139354 0.22500000149011615 0.47499999403953558 0.62500000000000011
decision_type=2 2 2 2 2 2 2 2 2 2 2 2
left_child=6 2 4 -4 -2 11 9 -8 -7 -1 -11 -3
right_child=1 5 3 -5 -6 8 7 -9 -10 10 -12 -13
leaf_value=-0.030993963955914007 0.0072012214480701971 0.010489664194025604 -0.025116290108808871 0.001192299998782837 -0.0017769507239282355 0.026585350714583789 -0.046860831412410785 -0.019462178671457428 0.01275881097704604 -0.011003366702023707 -0.020460018344127154 -0.001382297753434537
leaf_weight=7.7031824588775626 165.77710449695587 8.1004137694835681 40.665947139263153 20.687435954809189 207.30617490410805 42.888889878988266 9.5261382460594195 6.8097068965435019 24.18470174074173 22.191833198070526 15.822447568178175 10.459812879562376
leaf_count=23 448 22 118 57 562 116 31 21 65 63 46 28
internal_value=-6.45741e-05 0.00259197 -0.000394275 -0.0162454 0.00221244 0.0177418 -0.0223292 -0.0354395 0.0215999 -0.0176446 -0.0149394 0.00379909
internal_weight=582.124 520.07 434.437 61.3534 373.083 85.6338 62.0533 16.3358 67.0736 45.7175 38.0143 18.5602
internal_count=1600 1416 1185 175 1010 231 184 52 181 132 109 50
is_linear=0
shrinkage=0.05


Tree=34
num_leaves=15
num_cat=0
split_feature=8 11 8 10 10 8 11 11 8 10 11 8 8 8
split_gain=1.4622 4.61797 3.06844 2.87552 1.97661 1.74429 1.70915 1.67584 1.48102 1.45834 1.44617 2.4537 0.953072 0.840979
threshold=0.62500000000000011 0.9029313623905183 0.72499999403953563 -0.12500000372529027 -0.28750000894069666 0.87500000000000011 0.87784731388092052 0.9063059687614442 0.38750000298023229 0.12500000372529033 0.87784731388092052 0.72499999403953563 0.77500000596046459 0.57500001788139354
decision_type=2 2 2 2 2 2 2 2 2 2 2 2 2 2
left_child=3 10 9 4 8 -4 -5 -6 -1 -3 11 -2 -12 -8
right_child=1 2 5 6 7 -7 13 -9 -10 -11 12 -13 -14 -15
leaf_value=0.0087541014026579836 -0.027655609948715878 0.0051526992211818109 -0.010336968943462338 -0.017201304056406547 -0.005334896454576383 0.021205454297781302 0.0051840209162277561 -0.023793687592283699 -0.0079764449654090314 0.030411257820560686 -0.016006235921499908 0.0097165718414681766 -0.034991447657203488 0.014070152375541881
leaf_weight=38.974005624651909 6.7750944048166302 10.087552070617678 24.669185623526577 7.7807115614414206 59.252704307436943 5.3299270272254935 154.37861210107803 15.515870600938795 20.023386180400848 13.182271271944044 29.704046607017517 12.486573368310927 8.502756252884863 32.174773052334785
leaf_count=136 27 36 96 30 224 19 536 59 77 45 115 50 38 112
internal_value=0.000198747 -0.00476921 0.00583617 0.00187549 -0.00376643 -0.00473284 0.00575899 -0.00916544 0.00307585 0.0194616 -0.0145996 -0.00342871 -0.0202313 0.00671661
internal_weight=438.837 110.737 53.2689 328.1 133.766 29.9991 194.334 74.7686 58.9974 23.2698 57.4685 19.2617 38.2068 186.553
internal_count=1600 426 196 1174 496 115 678 283 213 81 230 77 153 648
is_linear=0
shrinkage=0.05


Tree=35
num_leaves=13
num_cat=0
split_feature=10 9 9 9 10 11 11 9 9 11 9 11
split_gain=21.9796 4.20081 3.32229 3.82096 2.18622 2.08011 1.31627 1.30662 1.14003 0.655319 0.579565 0.208059
threshold=-0.075000001117587076 0.22500000149011615 0.72499999403953563 0.82500001788139354 0.12500000372529033 0.8991832733154298 0.87784731388092052 0.52500000596046459 0.47499999403953558 0.9063059687614442 0.47499999403953558 0.9029313623905183
decision_type=2 2 2 2 2 2 2 2 2 2 2 2
left_child=2 -2 5 9 7 6 -1 -3 -7 -4 -6 -5
right_child=1 4 3 11 10 8 -8 -9 -10 -11 -12 -13
leaf_value=0.018046330883690995 -0.042483385493533254 -0.00011429292415671414 0.025178370235043598 -0.0019225186959563783 -0.010985298489022915 0.026440779459490301 -0.0023086731918075354 -0.0099005360993241268 0.010052865705624905 0.038988764623332443 -0.018568762087359737 0.0076347676535642511
leaf_weight=9.2547085881233198 9.2896499633789045 85.605469733476639 38.137206614017487 8.9513299763202685 95.136346235871315 12.408348381519316 56.0035739839077 56.698431134223938 73.315040200948715 11.086874753236769 34.270233035087585 15.651382148265837
leaf_count=27 37 270 104 26 337 35 165 190 214 30 120 45
internal_value=-9.81155e-05 -0.00942078 0.0115548 0.0202471 -0.00829039 0.00730441 0.000578005 -0.00401345 0.012425 0.0282889 -0.0129936 0.00415749
internal_weight=505.809 281 224.808 73.8268 271.71 150.982 65.2583 142.304 85.7234 49.2241 129.407 24.6027
internal_count=1600 954 646 205 917 441 192 460 249 134 457 71
is_linear=0
shrinkage=0.05


Tree=36
num_leaves=16
num_cat=0
split_feature=10 8 8 11 8 8 10 10 8 8 11 8 10 11 11
split_gain=14.2077 5.48011 3.7509 3.68234 8.75351 4.58323 3.08345 2.67661 1.66926 1.38739 1.27644 2.48302 1.25637 0.86385 0.195991
threshold=-0.075000001117587076 0.62500000000000011 0.32500000298023229 0.9029313623905183 0.72499999403953563 0.82500001788139354 0.16250000149011615 -0.28750000894069666 0.57500001788139354 0.32500000298023229 0.89565312862396251 0.52500000596046459 -0.18749999999999997 0.9063059687614442 0.9063059687614442
decision_type=2 2 2 2 2 2 2 2 2 2 2 2 2 2 2
left_child=2 6 7 5 -5 -3 9 13 -8 -2 12 -12 -4 -1 -9
right_child=1 3 10 4 -6 -7 8 14 -10 -11 11 -13 -14 -15 -16
leaf_value=-0.027072611837454765 -0.023024648590597219 0.025527144195060653 -0.0064649193654489293 -0.017951039421784106 0.019132249612271991 -0.010157996446416984 0.01781182274931075 -0.013453243851306 -0.0020131432997884712 -0.0014220200427782156 -0.0049590568177308413 -0.021357214890076026 0.011161553959954437 -0.047186030174159982 -0.0045200630253138998
leaf_weight=19.027491122484211 7.8226585984230033 69.054339915513992 22.464990764856339 25.724170953035355 41.726174980401993 10.345890104770659 34.754846632480621 17.782901763916016 15.288702964782713 148.96495029330254 102.77847385406494 29.772029399871826 18.381140768527985 7.4201305210590354 9.3778705298900622
leaf_count=60 22 187 63 69 112 28 93 51 41 402 287 84 50 24 27
internal_value=-7.2243e-05 0.00619351 -0.0098345 0.0135798 0.00498945 0.0208774 0.000949198 -0.0213936 0.0117551 -0.00249985 -0.00626081 -0.00864223 0.00146716 -0.0327156 -0.0103689
internal_weight=580.687 353.682 227.005 146.851 67.4503 79.4002 206.831 53.6084 50.0435 156.788 173.397 132.551 40.8461 26.4476 27.1608
internal_count=1600 954 646 396 181 215 558 162 134 424 484 371 113 84 78
is_linear=0
shrinkage=0.05


Tree=37
num_leaves=14
num_cat=0
split_feature=9 8 11 11 8 9 8 11 8 8 9 9 11
split_gain=1.49688 2.08227 1.95693 1.42824 0.681341 1.02226 1.00136 0.406737 0.250196 0.913009 0.330677 0.229552 0.541001
threshold=0.57500001788139354 0.72499999403953563 0.87784731388092052 0.8991832733154298 0.44374999403953558 0.72499999403953563 0.47499999403953558 0.8991832733154298 0.41875000298023229 0.52500000596046459 0.62500000000000011 0.52500000596046459 0.8991832733154298
decision_type=2 2 2 2 2 2 2 2 2 2 2 2 2
left_child=1 2 -1 8 5 -5 -6 -4 10 -10 -2 12 -3
right_child=3 11 7 4 6 -7 -8 -9 9 -11 -12 -13 -14
leaf_value=-0.019395106989027237 -0.02257318802685572 -0.016865586376689209 0.0073044259502081047 0.014966616233894068 -0.017176090214914778 -0.0039308473720069221 0.00028602687851095391 0.0031084293948033695 0.006185940139542833 -0.010666942013491327 -0.009261782733422359 -0.015836920513413139 -0.0011879016601592657
leaf_weight=8.6076430082321149 6.8957954645156887 8.4472734928131121 99.732600405812263 16.522193342447284 9.7758409231901151 12.624651968479155 51.251900598406792 137.21262249350548 10.231371298432348 37.461956664919853 14.424888134002684 9.4599415063858014 15.78572356700897
leaf_count=34 25 39 350 57 38 47 191 478 40 147 53 38 63
internal_value=0.000218625 0.00242447 0.00402381 -0.00365082 0.000492427 0.00678138 -0.00251117 0.00487457 -0.00906445 -0.00705159 -0.0135671 -0.0092315 -0.00665292
internal_weight=438.434 279.246 245.553 159.189 90.1746 29.1468 61.0277 236.945 69.014 47.6933 21.3207 33.6929 24.233
internal_count=1600 1002 862 598 333 104 229 828 265 187 78 140 102
is_linear=0
shrinkage=0.05


Tree=38
num_leaves=13
num_cat=0
split_feature=10 9 10 9 9 9 11 11 9 9 9 11
split_gain=19.8982 4.44171 3.04518 2.58426 2.08219 1.80471 1.44839 4.17988 1.16732 0.707582 0.545726 0.140773
threshold=-0.12500000372529027 0.22500000149011615 0.12500000372529033 0.67499998211860668 0.52500000596046459 0.82500001788139354 0.8991832733154298 0.89565312862396251 0.72499999403953563 0.57500001788139354 0.47499999403953558 0.9029313623905183
decision_type=2 2 2 2 2 2 2 2 2 2 2 2
left_child=3 -2 4 6 -3 8 7 -1 -5 -8 -4 -7
right_child=1 2 10 5 -6 11 9 -9 -10 -11 -12 -13
leaf_value=0.018024133758325483 -0.042075689192696157 0.0023639579586914837 -0.01051262589542331 0.014230354408734429 -0.0082413939206141072 0.0016073758663798098 0.017551767098350015 -0.016021328725953 0.027600779409859597 0.0054677751810015326 -0.017915524190784696 0.0097150230161100193
leaf_weight=16.429596811532974 9.0416332036256772 101.8152489066124 94.333132237195969 25.335021942853928 84.853073686361313 8.3131205439567584 28.799181789159775 19.977831095457077 45.900058478116989 20.909852713346481 33.820241570472717 15.040298879146574
leaf_count=48 37 317 337 71 277 24 82 59 124 61 120 43
internal_value=-0.000106828 -0.0075237 -0.00653137 0.0131858 -0.00245687 0.0188911 0.00691929 -0.000657617 0.0228455 0.0124687 -0.0124663 0.00682894
internal_weight=504.568 323.863 314.822 180.705 186.668 94.5885 86.1165 36.4074 71.2351 49.709 128.153 23.3534
internal_count=1600 1088 1051 512 594 262 250 107 195 143 457 67
is_linear=0
shrinkage=0.05


Tree=39
num_leaves=15
num_cat=0
split_feature=10 8 8 9 9 10 10 9 9 8 8 9 9 9
split_gain=12.7749 4.92582 3.53249 3.28585 4.92102 2.7919 2.58882 2.3756 1.57751 1.54992 1.16492 1.07114 0.75362 0.203787
threshold=-0.075000001117587076 0.62500000000000011 0.32500000298023229 0.72499999403953563 0.82500001788139354 0.16250000149011615 -0.28750000894069666 0.27500000596046453 0.57500001788139354 0.57500001788139354 0.87500000000000011 0.52500000596046459 0.77500000596046459 0.44374999403953558
decision_type=2 2 2 2 2 2 2 2 2 2 2 2 2 2
left_child=2 5 6 11 -5 8 12 -3 -2 -7 -9 -4 -1 -8
right_child=1 7 3 4 -6 9 13 10 -10 -11 -12 -13 -14 -15
leaf_value=-0.03687340877054477 -0.0039314050315039381 0.038436191711163782 -0.012246422598584146 -0.026505663116532407 0.0030956777614374927 0.017011437750934444 -0.015073980952070116 0.012443977181643908 0.013979841867109469 -0.0020949986713123623 -0.0069667795113478332 0.0011982411929696121 -0.017309557339278126 -0.0062310867448388974
leaf_weight=19.415656030178074 143.24870148301125 8.557605564594267 17.53381422162056 37.342515110969543 22.499712139368057 34.73677796125412 10.957650840282442 129.72654187679291 13.447071671485899 15.284738868474959 8.2191909551620466 95.518779367208481 6.5943512618541709 16.070324689149857
leaf_count=63 388 24 49 111 62 93 32 350 36 41 22 262 21 46
internal_value=-7.95835e-05 0.0058595 -0.00936467 -0.0059019 -0.015376 0.000888751 -0.0206527 0.0128733 -0.00239433 0.0111732 0.0112874 -0.00088695 -0.0319134 -0.00981616
internal_weight=579.153 353.221 225.933 172.895 59.8422 206.717 53.038 146.503 156.696 50.0215 137.946 113.053 26.01 27.028
internal_count=1600 954 646 484 173 558 162 396 424 134 372 311 84 78
is_linear=0
shrinkage=0.05


Tree=40
num_leaves=15
num_cat=0
split_feature=8 11 10 8 10 8 11 11 11 8 8 10 8 8
split_gain=1.2143 4.15937 2.50502 2.48236 1.83269 1.61785 1.59819 1.49326 1.40498 2.31817 1.29921 1.27635 0.916457 0.75225
threshold=0.62500000000000011 0.9029313623905183 -0.12500000372529027 0.72499999403953563 -0.28750000894069666 0.87500000000000011 0.9063059687614442 0.87784731388092052 0.87784731388092052 0.72499999403953563 0.38750000298023229 0.12500000372529033 0.77500000596046459 0.57500001788139354
decision_type=2 2 2 2 2 2 2 2 2 2 2 2 2 2
left_child=2 8 4 11 10 -5 -6 -4 9 -2 -1 -3 -10 -9
right_child=1 3 7 5 6 -7 -8 13 12 -11 -12 -13 -14 -15
leaf_value=0.0083283608916063859 -0.02674647640314369 0.0043878480980579357 -0.016329594584661374 -0.0094605489841591631 -0.0050259163213174926 0.020928717098222516 -0.023182641100443331 0.0047949671217729752 -0.015285699857046336 0.0099692097744194571 -0.0073887543278012523 0.027819165150399852 -0.034255986492243706 0.01315764909828546
leaf_weight=39.147609755396843 6.5703782588243511 10.193491339683534 7.6235198080539694 24.229145795106891 58.901419267058372 5.34598284959793 15.259627953171728 155.17545965313911 29.203129857778549 12.436841964721678 19.79791347682476 13.520800918340681 8.1414671242237073 32.528275728225708
leaf_count=136 27 36 30 96 224 19 59 536 115 50 77 45 38 112
internal_value=0.000237458 -0.00431867 0.00175843 0.00569585 -0.0035313 -0.0039674 -0.00876191 0.00536314 -0.013789 -0.0027226 0.00304949 0.0177473 -0.0194214 0.00624419
internal_weight=438.075 109.641 328.434 53.2894 133.107 29.5751 74.161 195.327 56.3518 19.0072 58.9455 23.7143 37.3446 187.704
internal_count=1600 426 1174 196 496 115 283 678 230 77 213 81 153 648
is_linear=0
shrinkage=0.05


Tree=41
num_leaves=13
num_cat=0
split_feature=9 8 8 9 8 8 11 11 11 9 9 11
split_gain=10.4185 7.10228 5.22417 3.93712 1.91744 1.90353 1.83462 1.6512 1.59454 1.05899 0.787261 0.647861
threshold=0.67499998211860668 0.47499999403953558 0.72499999403953563 0.32500000298023229 0.27500000596046453 0.32500000298023229 0.8991832733154298 0.9063059687614442 0.87784731388092052 0.82500001788139354 0.36249999701976782 0.9029313623905183
decision_type=2 2 2 2 2 2 2 2 2 2 2 2
left_child=1 5 4 11 -2 7 -5 -1 -4 -6 -7 -3
right_child=2 3 8 6 9 10 -8 -9 -10 -11 -12 -13
leaf_value=0.0046642985152228261 0.040847653137047683 -0.037865863375980496 0.0032964660804980141 -0.014110180848985738 0.017270817970222167 -0.0068309968723611839 -0.0037931748354537356 0.023615191087760182 -0.028538617298850634 0.0047842899570828441 0.0022218054849198828 -0.021789717109275544
leaf_weight=32.3688063621521 7.467112034559249 11.367592588067055 7.121146321296691 72.108136057853699 79.020458340644836 32.489816874265671 107.07686847448349 17.823414593935013 8.7866501808166486 21.628051966428757 92.074441403150558 13.967000290751457
leaf_count=92 20 46 24 256 219 107 363 50 30 62 278 53
internal_value=-0.000115107 -0.00422881 0.012465 -0.0105535 0.0164013 0.00317307 -0.00794497 0.0113938 -0.0142876 0.0145876 -0.000139417 -0.0290031
internal_weight=503.299 379.276 124.023 204.52 108.116 174.756 179.185 50.1922 15.9078 100.649 124.564 25.3346
internal_count=1600 1245 355 718 301 527 619 142 54 281 385 99
is_linear=0
shrinkage=0.05


Tree=42
num_leaves=15
num_cat=0
split_feature=10 8 8 9 9 10 10 9 9 8 8 9 9 9
split_gain=11.5332 4.45517 3.28348 3.04421 4.57053 2.53506 2.44545 2.21002 1.45754 1.4293 1.04504 1.01096 0.750178 0.190547
threshold=-0.075000001117587076 0.62500000000000011 0.32500000298023229 0.72499999403953563 0.82500001788139354 0.16250000149011615 -0.28750000894069666 0.27500000596046453 0.57500001788139354 0.57500001788139354 0.87500000000000011 0.52500000596046459 0.77500000596046459 0.44374999403953558
decision_type=2 2 2 2 2 2 2 2 2 2 2 2 2 2
left_child=2 5 6 11 -5 8 12 -3 -2 -7 -9 -4 -1 -8
right_child=1 7 3 4 -6 9 13 10 -10 -11 -12 -13 -14 -15
leaf_value=-0.03600675792050044 -0.0037824326460818396 0.037056917215765893 -0.011842157278721139 -0.025601930683249022 0.0029860979696289271 0.016237303991549778 -0.014490326519106726 0.011807148483517858 0.013431442496455174 -0.0021154463754707868 -0.0065773154467463294 0.001235556231372577 -0.016321936263779497 -0.0059196262384132985
leaf_weight=19.006383478641514 143.15563550591469 8.4473411440849286 17.4840247631073 36.899062186479568 22.51001450419426 34.713233053684235 10.891689747571947 129.48159751296043 13.452744156122206 15.277714908123015 8.2205657064914686 95.475569218397141 6.4935265183448783 16.028491020202637
leaf_count=63 388 24 49 111 62 93 32 350 36 41 22 262 21 46
internal_value=-8.88086e-05 0.00555158 -0.00893997 -0.00560748 -0.01477 0.000825479 -0.0198979 0.0122325 -0.00230375 0.0106285 0.0107096 -0.000788628 -0.030994 -0.00938726
internal_weight=577.538 352.749 224.789 172.369 59.4091 206.599 52.4201 146.15 156.608 49.9909 137.702 112.96 25.4999 26.9202
internal_count=1600 954 646 484 173 558 162 396 424 134 372 311 84 78
is_linear=0
shrinkage=0.05


Tree=43
num_leaves=13
num_cat=0
split_feature=9 10 11 10 10 10 11 10 10 11 10 9
split_gain=1.29465 1.54097 1.67776 1.41954 2.43301 1.61643 0.577425 2.47574 1.70032 0.415524 0.395301 0.164908
threshold=0.57500001788139354 0.30625000596046453 0.8991832733154298 0.12500000372529033 1.0000000180025095e-35 -0.12500000372529027 0.8991832733154298 0.12500000372529033 -0.18749999999999997 0.9029313623905183 0.40625000000000006 0.36249999701976782
decision_type=2 2 2 2 2 2 2 2 2 2 2 2
left_child=1 6 11 4 5 -2 7 -1 -8 -6 -4 -3
right_child=3 2 10 -5 9 -7 8 -9 -10 -11 -12 -13
leaf_value=0.011846231509910723 -0.0057407492777364283 -0.017572566097672892 -0.0047648357403175324 0.014506896904994203 -0.01734095694521446 0.0067504861854798225 -0.016014074179781554 -0.0042232734638611956 0.0032919890290604701 -0.034483159421836301 0.0093596058471114244 -0.02931345842677165
leaf_weight=71.137965261936188 96.803066581487656 8.5172005593776685 11.628443345427515 10.397094100713728 10.270869374275206 35.35935540497303 12.537829756736754 36.147627875208855 126.1921604424715 5.3904250264167777 8.6299846172332746 4.6092261075973502
leaf_count=247 367 38 44 40 43 128 46 131 440 20 34 22
internal_value=0.000263003 0.00230952 -0.00777046 -0.00335092 -0.00460694 -0.00239879 0.0036774 0.00643195 0.00154719 -0.0232411 0.0012521 -0.0216953
internal_weight=437.621 279.4 33.3849 158.221 147.824 132.162 246.016 107.286 138.73 15.6613 20.2584 13.1264
internal_count=1600 1002 138 598 558 495 864 378 486 63 78 60
is_linear=0
shrinkage=0.05


Tree=44
num_leaves=13
num_cat=0
split_feature=10 9 8 9 9 9 9 9 9 8 8 9
split_gain=16.2664 3.90253 2.41759 2.41354 2.89866 2.26503 1.64032 1.19084 1.04212 0.736112 0.392384 0.33918
threshold=-0.075000001117587076 0.22500000149011615 0.47499999403953558 0.72499999403953563 0.82500001788139354 0.32500000298023229 0.52500000596046459 0.27500000596046453 0.67499998211860668 0.47499999403953558 0.41875000298023229 0.47499999403953558
decision_type=2 2 2 2 2 2 2 2 2 2 2 2
left_child=3 -2 7 6 9 -4 11 -3 -8 -5 -6 -1
right_child=1 2 5 4 10 -7 8 -9 -10 -11 -12 -13
leaf_value=0.010875573237346127 -0.041438546718645761 0.021629000251277009 -0.025670953403488267 0.029750127723908056 0.012336662160398798 -0.0081016460219139139 -0.00018545256138847771 -0.00096743768995727081 0.010620457704248904 0.017553550562989222 -0.0011453419359360149 0.019961709264388821
leaf_weight=26.149691164493561 8.6022430211305601 6.5091950297355643 20.376210734248161 26.799394398927689 7.9498116970062283 183.97335407137871 77.68184220790863 55.926684886217117 31.302559524774551 22.978295087814331 16.805780231952667 16.914629518985748
leaf_count=74 37 21 79 72 22 642 231 175 88 62 49 48
internal_value=-0.00012711 -0.00829139 -0.00722259 0.00979575 0.0171663 -0.00985353 0.00618275 0.00138833 0.00291823 0.02412 0.00318416 0.0144444
internal_weight=501.97 275.388 266.785 226.582 74.5333 204.35 152.049 62.4359 108.984 49.7777 24.7556 43.0643
internal_count=1600 954 917 646 205 721 441 196 319 134 71 122
is_linear=0
shrinkage=0.05


Tree=45
num_leaves=16
num_cat=0
split_feature=10 8 11 10 11 10 10 11 8 8 8 10 11 8 8
split_gain=10.3439 5.71711 2.9641 2.75375 3.00339 1.94734 1.64636 1.33285 3.53326 1.87732 1.28568 1.22169 0.88555 0.455428 0.203412
threshold=1.0000000180025095e-35 0.32500000298023229 0.89565312862396251 0.30625000596046453 0.8991832733154298 -0.18749999999999997 -0.28750000894069666 0.9029313623905183 0.47499999403953558 0.72499999403953563 0.72499999403953563 -1.0000000180025095e-35 0.9063059687614442 0.27500000596046453 0.77500000596046459
decision_type=2 2 2 2 2 2 2 2 2 2 2 2 2 2 2
left_child=1 6 5 7 14 -3 12 8 -2 -9 -6 -4 -1 -8 -5
right_child=3 2 11 4 10 -7 13 9 -10 -11 -12 -13 -14 -15 -16
leaf_value=-0.024445456917420425 -0.010697814293090524 -0.0053788893111971596 -0.0079452755679358788 0.027530213406069499 -0.0086250667332561214 0.013181804606820086 -0.0065802360806822948 -0.004253287683275481 0.01126846313372115 0.012915217806470786 0.014200280606168776 0.0037167482688322765 -0.045420750515856097 -0.018520437468422035 0.037423322412865966
leaf_weight=18.118889302015308 21.839632391929626 22.230746895074844 158.40306389331818 11.559691816568376 8.9462894201278704 38.789426952600479 14.403574287891386 67.280401706695557 113.15609902143478 20.859036237001419 19.875056862831116 26.166895061731339 6.9667629599571219 17.924425423145294 9.4378350973129255
leaf_count=60 59 63 445 33 24 105 42 181 304 56 54 71 24 52 27
internal_value=-9.4572e-05 -0.00645427 -0.00313352 0.00696528 0.0175938 0.00641981 -0.020659 0.00459226 0.00771476 -0.000190198 0.00711518 -0.00629192 -0.0302707 -0.0132005 0.0319769
internal_weight=575.958 303.004 245.59 272.954 49.8189 61.0202 57.4137 223.135 134.996 88.1394 28.8213 184.57 25.0857 32.328 20.9975
internal_count=1600 862 684 738 138 168 178 600 363 237 78 516 84 94 60
is_linear=0
shrinkage=0.05


Tree=46
num_leaves=9
num_cat=0
split_feature=10 8 11 8 10 10 11 11
split_gain=1.23968 1.10075 3.83249 2.36265 1.63626 2.47905 1.39731 1.36148
threshold=-0.54375001788139332 0.62500000000000011 0.9029313623905183 0.72499999403953563 -0.12500000372529027 -0.28750000894069666 0.89565312862396251 0.87784731388092052
decision_type=2 2 2 2 2 2 2 2
left_child=-1 4 6 -4 5 -2 -3 -6
right_child=1 2 3 -5 7 -7 -8 -9
leaf_value=-0.02392824731546269 0.005801276482389023 -0.004876840687227056 0.017527463939028275 -0.0036740761600309599 -0.015923227656500831 -0.008340264151743439 -0.020779543876988476 0.0057310315624217872
leaf_weight=5.2225679308176032 53.562014400959015 27.045333802700043 23.765069097280502 29.391469225287437 7.5487975925207129 73.541733592748642 28.232333347201347 188.95709434151649
leaf_count=20 193 113 81 115 30 283 117 648
internal_value=0.000286154 0.000578859 -0.00378106 0.00580465 0.00203977 -0.00238096 -0.0129989 0.00489918
internal_weight=437.266 432.044 108.434 53.1565 323.61 127.104 55.2777 196.506
internal_count=1600 1580 426 196 1154 476 230 678
is_linear=0
shrinkage=0.05


Tree=47
num_leaves=12
num_cat=0
split_feature=10 9 8 9 9 9 8 10 9 9 8
split_gain=14.6887 4.05053 2.58164 2.36673 1.96026 1.86999 1.52943 1.6517 0.998699 0.280784 0.247866
threshold=-0.12500000372529027 0.22500000149011615 0.47499999403953558 0.32500000298023229 0.67499998211860668 0.52500000596046459 0.27500000596046453 -0.23749999701976773 0.52500000596046459 0.47499999403953558 0.36249999701976782
decision_type=2 2 2 2 2 2 2 2 2 2 2
left_child=4 -2 5 -4 8 -3 -6 -8 9 -1 -10
right_child=1 2 3 -5 6 -7 7 -9 10 -11 -12
leaf_value=0.0083088770353382801 -0.041035870663413354 0.0039267409910374055 -0.024966127580659275 -0.0069219868396495788 0.037880324055503976 -0.021960651701757282 0.010181877559633677 0.025724849492832821 -0.00045638539955199562 0.01856485289594232 0.0061122147666297895
leaf_weight=12.536803781986237 8.3248493671417219 78.901686668395996 19.953097179532051 203.64486134052277 7.4525453746318808 7.6525206565856925 64.68397718667984 23.231120824813843 36.080868303775787 14.269530683755875 23.858750760555267
leaf_count=35 37 243 79 705 20 24 178 64 104 40 71
internal_value=-0.000141146 -0.00661782 -0.005694 -0.00853218 0.0111851 0.00163796 0.0161326 0.014289 0.00574599 0.0137683 0.00215822
internal_weight=500.591 318.477 310.152 223.598 182.114 86.5542 95.3676 87.9151 86.746 26.8063 59.9396
internal_count=1600 1088 1051 784 512 267 262 242 250 75 175
is_linear=0
shrinkage=0.05


Tree=48
num_leaves=16
num_cat=0
split_feature=10 8 11 10 11 10 10 11 8 8 8 10 10 8 8
split_gain=9.31773 5.36867 2.76761 2.50516 2.82819 1.7744 1.58087 1.20835 3.22893 1.71367 1.19639 1.13255 1.09643 0.429133 0.203578
threshold=1.0000000180025095e-35 0.32500000298023229 0.89565312862396251 0.30625000596046453 0.8991832733154298 -0.18749999999999997 -0.28750000894069666 0.9029313623905183 0.47499999403953558 0.72499999403953563 0.72499999403953563 -1.0000000180025095e-35 -0.54375001788139332 0.27500000596046453 0.77500000596046459
decision_type=2 2 2 2 2 2 2 2 2 2 2 2 2 2 2
left_child=1 6 5 7 14 -3 12 8 -2 -9 -6 -4 -1 -8 -5
right_child=3 2 11 4 10 -7 13 9 -10 -11 -12 -13 -14 -15 -16
leaf_value=-0.010037919299331099 -0.010296748826792617 -0.004993321958251285 -0.0075924202900105381 0.02637612229675157 -0.0085521428312730543 0.012737941741434193 -0.0062668240382949426 -0.0040920259524482418 0.010717737155790608 0.012319369768368353 0.013480080367014891 0.0036371638017951048 -0.035233259498275479 -0.017883614330351873 0.036333339790941492
leaf_weight=5.5824545919895199 21.804839134216309 22.166934132575989 157.98386201262474 11.425703883171083 8.942905545234682 38.817225158214569 14.361754119396208 67.241302311420441 113.05661681294441 20.835334450006485 19.812260746955872 26.172473669052124 19.06329308450222 17.806592226028442 9.3209057748317701
leaf_count=19 59 63 445 33 24 105 42 181 304 56 54 71 65 52 27
internal_value=-9.98198e-05 -0.00614883 -0.00293922 0.00660451 0.0167795 0.00629286 -0.0199976 0.00434523 0.00732005 -0.00020976 0.00662802 -0.00599646 -0.0295263 -0.0126972 0.0308496
internal_weight=574.394 301.955 245.14 272.44 49.5018 60.9842 56.8141 222.938 134.861 88.0766 28.7552 184.156 24.6457 32.1683 20.7466
internal_count=1600 862 684 738 138 168 178 600 363 237 78 516 84 94 60
is_linear=0
shrinkage=0.05


Tree=49
num_leaves=12
num_cat=0
split_feature=9 8 10 10 10 10 8 9 10 9 9
split_gain=1.12527 1.39767 1.38594 2.25306 1.46768 0.718846 1.23074 0.498464 0.303878 0.249385 0.193525
threshold=0.57500001788139354 0.72499999403953563 0.12500000372529033 1.0000000180025095e-35 -0.12500000372529027 0.30625000596046453 0.67499998211860668 0.27500000596046453 0.062500001862645163 0.52500000596046459 0.44374999403953558
decision_type=2 2 2 2 2 2 2 2 2 2 2
left_child=1 5 3 4 -2 6 -1 -7 -5 10 -3
right_child=2 9 -4 8 -6 7 -8 -9 -10 -11 -12
leaf_value=0.0032867701704207865 -0.0054247513969666386 -0.008590355360677376 0.014571062895825344 -0.015177876152607381 0.0064731138219363844 0.0012071453489251492 0.019968580010030084 -0.018575287376452702 -0.02927465384879463 -0.014541949409667507 0.00068509979358479867
leaf_weight=222.65489245951176 96.175513759255409 13.774133145809175 10.384541839361189 7.3777971118688566 35.48264242708683 6.7985867112874967 11.634310588240622 5.9897828102111816 7.9342767745256424 9.1613798737525922 9.5034397244453412
leaf_count=770 367 61 40 30 128 27 42 23 33 38 41
internal_value=0.000299995 0.00220396 -0.0030821 -0.00432943 -0.00221821 0.00348506 0.00411515 -0.0080585 -0.0224824 -0.00755383 -0.0048035
internal_weight=436.871 279.517 157.355 146.97 131.658 247.078 234.289 12.7884 15.3121 32.439 23.2776
internal_count=1600 1002 598 558 495 862 812 50 63 140 102
is_linear=0
shrinkage=0.05


Tree=50
num_leaves=13
num_cat=0
split_feature=10 9 9 9 8 9 9 9 9 8 8 9
split_gain=13.2518 3.65216 1.99717 2.54762 1.99568 2.05028 1.41744 1.09733 0.904242 0.681136 0.327164 0.276383
threshold=-0.075000001117587076 0.22500000149011615 0.72499999403953563 0.82500001788139354 0.47499999403953558 0.32500000298023229 0.52500000596046459 0.27500000596046453 0.62500000000000011 0.47499999403953558 0.41875000298023229 0.47499999403953558
decision_type=2 2 2 2 2 2 2 2 2 2 2 2
left_child=2 -2 6 9 7 -6 11 -3 -8 -4 -5 -1
right_child=1 4 3 10 5 -7 8 -9 -10 -11 -12 -13
leaf_value=0.0099068436598331935 -0.040706371076417169 0.020537488545018776 0.027384021709887876 0.010706826248244001 -0.024373283787660051 -0.0073499345497327886 -0.0017707196254657985 -0.0010523691420825188 0.0073536922137123345 0.015668072669556821 -0.0015725652046863537 0.0180725527597735
leaf_weight=26.303755015134811 8.0814438760280591 6.5769449472427359 26.83667004108429 7.9964778125286129 19.595115080475807 181.67033375799656 58.79886332154274 55.974246919155121 50.450423300266266 23.070094257593155 16.864234060049057 17.098454028367996
leaf_count=74 37 21 72 22 79 642 175 175 144 62 49 48
internal_value=-0.000147648 -0.00759719 0.00875889 0.015454 -0.00658296 -0.00900732 0.00547967 0.0012177 0.00244286 0.0219682 0.00237712 0.0131238
internal_weight=499.317 271.898 227.419 74.7675 263.817 201.265 152.651 62.5512 109.249 49.9068 24.8607 43.4022
internal_count=1600 954 646 205 917 721 441 196 319 134 71 122
is_linear=0
shrinkage=0.05


Tree=51
num_leaves=15
num_cat=0
split_feature=8 8 9 9 10 9 8 9 10 10 9 9 8 9
split_gain=8.56793 5.24399 4.41381 2.85958 1.86135 1.74825 1.42028 1.97724 1.0814 1.00742 0.594221 0.49779 0.664904 0.0469628
threshold=0.32500000298023229 0.72499999403953563 0.72499999403953563 0.82500001788139354 -0.28750000894069666 0.32500000298023229 0.82500001788139354 0.57500001788139354 -0.54375001788139332 0.12500000372529033 0.62500000000000011 0.44374999403953558 0.27500000596046453 0.47499999403953558
decision_type=2 2 2 2 2 2 2 2 2 2 2 2 2 2
left_child=4 2 5 -4 8 -2 9 -8 -1 -3 -10 12 -6 -13
right_child=1 6 3 -5 11 -7 7 -9 10 -11 -12 13 -14 -15
leaf_value=-0.0094087194628355401 0.010476514185683046 0.029755247954575726 -0.021001072586779662 0.0020839869385885809 -0.0067229611843919283 0.00039808851901574705 0.015436659602376996 -0.010691692762322531 -0.026032555910378813 0.014181416059595589 -0.0438652511835321 -0.001121404914556772 -0.025741253094088132 -0.0066200153861918007
leaf_weight=5.5244024097919491 49.674473136663437 14.002073407173155 38.530910044908524 20.579460591077805 9.102236807346344 321.61960378289223 17.495349645614628 12.352987229824064 9.7411423623561877 40.18498221039772 8.9760190397500974 6.8878887295722953 9.2825232744216919 8.901691257953642
leaf_count=19 135 38 118 57 27 875 48 33 32 112 33 20 27 26
internal_value=-0.000103752 0.0019568 -0.000273823 -0.0129639 -0.01825 0.00174645 0.0133814 0.00462322 -0.0288471 0.0182057 -0.0345844 -0.0107329 -0.0163254 -0.00422136
internal_weight=572.856 514.44 430.404 59.1104 58.4159 371.294 84.0354 29.8483 24.2416 54.1871 18.7172 34.1743 18.3848 15.7896
internal_count=1600 1416 1185 175 184 1010 231 81 84 150 65 100 54 46
is_linear=0
shrinkage=0.05


Tree=52
num_leaves=13
num_cat=0
split_feature=9 10 10 10 10 11 11 10 10 11 10 9
split_gain=1.03757 1.3139 2.12874 1.35892 1.1323 1.45282 0.607532 2.17565 1.54136 0.438956 0.395854 0.163974
threshold=0.57500001788139354 0.12500000372529033 1.0000000180025095e-35 -0.12500000372529027 0.30625000596046453 0.8991832733154298 0.8991832733154298 0.12500000372529033 -0.18749999999999997 0.9029313623905183 0.40625000000000006 0.36249999701976782
decision_type=2 2 2 2 2 2 2 2 2 2 2 2
left_child=4 2 3 -2 6 11 7 -1 -8 -4 -7 -6
right_child=1 -3 9 -5 5 10 8 -9 -10 -11 -12 -13
leaf_value=0.011147855856250749 -0.0052187014323051327 0.014202628276638563 -0.01574074219096985 0.0062221620602572435 -0.015881400229263303 -0.0043687922509141252 -0.015681174934893696 -0.003925034802111464 0.002761743203734839 -0.033668405848801673 0.0098224643953304536 -0.027946737968264603
leaf_weight=71.724374860525131 95.791820898652077 10.435192868113516 9.8469127267599088 35.60084430873394 8.1075291633605939 11.529387354850771 12.438072353601454 35.93533119559288 127.02619151771069 5.2267667800188056 8.5641269087791425 4.3146331012248984
leaf_count=247 367 40 43 128 38 44 46 131 440 20 34 22
internal_value=0.000315082 -0.00293918 -0.00416047 -0.0021188 0.002141 -0.00663026 0.00329509 0.00611673 0.00111692 -0.0219571 0.00167971 -0.0200721
internal_weight=436.541 156.902 146.466 131.393 279.64 32.5157 247.124 107.66 139.464 15.0737 20.0935 12.4222
internal_count=1600 598 558 495 1002 138 864 378 486 63 78 60
is_linear=0
shrinkage=0.05


Tree=53
num_leaves=13
num_cat=0
split_feature=10 9 9 9 8 9 9 9 9 8 8 9
split_gain=11.8972 3.55098 1.85698 2.37313 1.80232 1.98097 1.33324 1.00537 0.859429 0.618553 0.301904 0.256226
threshold=-0.075000001117587076 0.22500000149011615 0.72499999403953563 0.82500001788139354 0.47499999403953558 0.32500000298023229 0.52500000596046459 0.27500000596046453 0.67499998211860668 0.47499999403953558 0.41875000298023229 0.47499999403953558
decision_type=2 2 2 2 2 2 2 2 2 2 2 2
left_child=2 -2 6 9 7 -6 11 -3 -8 -4 -5 -1
right_child=1 4 3 10 5 -7 8 -9 -10 -11 -12 -13
leaf_value=0.0094063585468118615 -0.040399249370069008 0.019535063397740596 0.026162344278849475 0.010092517281343442 -0.023824238562734232 -0.0069558758725319974 -0.00066206538029158499 -0.0010424946365466877 0.00912110991800715 0.015001312198015947 -0.001691316956159113 0.017253660211319737
leaf_weight=26.382110476493835 7.8459009081125251 6.640128254890441 26.841056555509567 8.0169990956783312 19.262934044003487 180.44929671287537 77.899367809295654 55.961174964904785 31.536780089139938 23.095472067594528 16.879770666360855 17.173374354839325
leaf_count=74 37 21 72 22 79 642 231 175 88 62 49 48
internal_value=-0.000156854 -0.00725386 0.00825893 0.0147134 -0.00626247 -0.00858289 0.00510184 0.00114017 0.0021572 0.0210004 0.00210319 0.0125004
internal_weight=497.984 270.159 227.825 74.8333 262.314 199.712 152.992 62.6013 109.436 49.9365 24.8968 43.5555
internal_count=1600 954 646 205 917 721 441 196 319 134 71 122
is_linear=0
shrinkage=0.05


Tree=54
num_leaves=16
num_cat=0
split_feature=10 10 9 10 11 11 10 11 11 9 9 10 11 9 11
split_gain=7.5358 2.93898 3.18037 2.07864 2.66908 2.04896 2.31149 1.13539 1.38057 1.02395 0.878522 0.811332 0.729956 0.25786 0.102576
threshold=1.0000000180025095e-35 -0.33749999105930323 0.77500000596046459 0.30625000596046453 0.8991832733154298 0.89565312862396251 -0.18749999999999997 0.9029313623905183 0.89565312862396251 0.72499999403953563 0.38750000298023229 -0.47499999403953547 0.8991832733154298 0.32500000298023229 0.89565312862396251
decision_type=2 2 2 2 2 2 2 2 2 2 2 2 2 2 2
left_child=1 2 12 7 14 6 -3 8 -2 -7 -9 -4 -1 -6 -5
right_child=3 5 11 4 13 9 -8 10 -10 -11 -12 -13 -14 -15 -16
leaf_value=-0.019922611639716026 0.00047939507498668318 -0.0093912741154514937 -0.016577560791313641 0.026118100533755968 0.011152211112469447 -0.0045179687333019346 0.011267874287887544 0.0057795788415222898 0.010842352299937508 -0.014873117790692654 -0.0044912131663122955 0.0031489732451330226 -0.038100110891363018 0.0014878366507378961 0.033326904502849738
leaf_weight=9.4756583571434039 53.01996722817421 20.172473251819611 8.1810509562492388 11.882202386856079 11.625906527042391 165.31775039434433 41.178019195795059 33.822793215513229 81.605569422245026 27.902193337678909 54.158249944448471 14.364321857690809 13.239752128720282 16.986551761627197 8.4397327899932861
leaf_count=32 143 58 27 35 32 462 112 91 220 83 146 42 46 46 25
internal_value=-0.000108435 -0.00557298 -0.0173131 0.00592543 0.0152559 -0.00348567 0.004475 0.00387436 0.00676108 -0.00601332 -0.000542784 -0.0040092 -0.0305174 0.0054147 0.0291119
internal_weight=571.372 299.831 45.2608 271.541 48.9344 254.57 61.3505 222.607 134.626 193.22 87.981 22.5454 22.7154 28.6125 20.3219
internal_count=1600 862 147 738 138 715 170 600 363 545 237 69 78 78 60
is_linear=0
shrinkage=0.05


Tree=55
num_leaves=12
num_cat=0
split_feature=9 10 10 10 8 9 8 10 10 9 9
split_gain=0.961793 1.21113 2.01156 1.26408 1.12045 0.634346 1.66808 1.52532 0.304499 0.25056 0.196342
threshold=0.57500001788139354 0.12500000372529033 1.0000000180025095e-35 -0.12500000372529027 0.72499999403953563 0.38750000298023229 0.27500000596046453 -1.0000000180025095e-35 0.062500001862645163 0.52500000596046459 0.44374999403953558
decision_type=2 2 2 2 2 2 2 2 2 2 2
left_child=4 2 3 -2 5 7 -7 -1 -4 10 -6
right_child=1 -3 8 -5 9 6 -8 -9 -10 -11 -12
leaf_value=-0.020928385930139612 -0.00501622392859883 0.013579280960847033 -0.01403470181514601 0.0060126926326640852 -0.0078074137357234995 0.023467038089209278 0.0036970357749005292 0.001912689137911499 -0.028365917153415028 -0.013805597852263854 0.0016201593578227457
leaf_weight=8.0159629583358747 95.418031856417656 10.518149048089979 7.1782404482364637 35.701503559947014 13.520504474639894 11.514146029949186 145.44879570603371 82.894297882914543 7.6635008901357651 9.0001582354307192 9.3363745510578138
leaf_count=27 367 40 30 128 61 39 506 290 33 38 41
internal_value=0.000331863 -0.00280723 -0.00398806 -0.00201325 0.00208785 0.0032223 0.00514728 -0.00010131 -0.0214346 -0.00673905 -0.00395652
internal_weight=436.21 156.479 145.961 131.12 279.73 247.873 156.963 90.9103 14.8417 31.857 22.8569
internal_count=1600 598 558 495 1002 862 545 317 63 140 102
is_linear=0
shrinkage=0.05


Tree=56
num_leaves=13
num_cat=0
split_feature=10 9 10 9 9 11 11 10 11 9 9 9
split_gain=10.7496 3.67428 1.80046 1.57617 1.54559 1.14345 3.90843 1.13856 3.19597 2.07577 0.572946 0.504193
threshold=-0.12500000372529027 0.22500000149011615 0.12500000372529033 0.67499998211860668 0.52500000596046459 0.8991832733154298 0.89565312862396251 -0.23749999701976773 0.8991832733154298 0.82500001788139354 0.47499999403953558 0.57500001788139354
decision_type=2 2 2 2 2 2 2 2 2 2 2 2
left_child=3 -2 4 5 -3 6 -1 9 -9 -5 -4 -7
right_child=1 2 10 7 -6 11 -8 8 -10 -11 -12 -13
leaf_value=0.015823626111113761 -0.040097905274266113 0.0023099619822769695 -0.0076055494648169467 0.016051793823369707 -0.0068889056867852752 0.013715454605594252 -0.016929181107016258 0.0038119308331393772 0.040851390746666556 -0.0028366504303609179 -0.015396289161464835 0.0035964725062347237
leaf_weight=16.636475741863251 7.6139537990093222 101.61135002970695 89.278963506221771 52.216238260269165 82.931404203176498 29.403324007987976 20.129237473011017 10.967455983161928 12.418095529079435 20.16171008348465 32.078464895486832 21.175632148981094
leaf_count=48 37 317 337 141 277 82 59 30 34 57 120 61
internal_value=-0.000166737 -0.00578856 -0.00493459 0.00945884 -0.0018239 0.00460149 -0.00210854 0.0138892 0.0234805 0.0107902 -0.00966488 0.00947899
internal_weight=496.622 313.514 305.9 183.108 184.543 87.3447 36.7657 95.7635 23.3856 72.3779 121.357 50.579
internal_count=1600 1088 1051 512 594 250 107 262 64 198 457 143
is_linear=0
shrinkage=0.05


Tree=57
num_leaves=13
num_cat=0
split_feature=8 8 9 9 11 11 11 8 9 9 8 8
split_gain=7.51692 4.48929 3.71134 2.5399 2.04828 1.67565 2.10293 1.72834 1.11299 1.28416 0.560735 0.292409
threshold=0.32500000298023229 0.72499999403953563 0.72499999403953563 0.82500001788139354 0.8991832733154298 0.89565312862396251 0.8991832733154298 0.82500001788139354 0.62500000000000011 0.77500000596046459 0.22500000149011615 0.27500000596046453
decision_type=2 2 2 2 2 2 2 2 2 2 2 2
left_child=8 2 4 -4 -2 7 -7 -3 10 -10 -1 -12
right_child=1 5 3 -5 -6 6 -8 -9 9 -11 11 -13
leaf_value=-0.026182352920697767 0.0057497455427847196 0.012231546772705548 -0.019673710424547283 0.0021632400234731391 -0.0017303964811828617 0.037701586942943954 0.012721197141883498 -0.014242223181275838 -0.042772309918364504 -0.012184403794439184 -0.0053134871385692208 -0.014466140059213824
leaf_weight=7.0880868434905997 164.59559717774391 15.710070133209229 37.77651634812355 20.564940631389618 206.13294321298599 10.246566444635389 47.389287501573563 10.147000879049301 7.9296582341194135 6.0486528277397156 14.531159043312071 21.845196843147278
leaf_count=23 448 44 118 57 562 30 129 28 31 21 44 65
internal_value=-0.000112108 0.00181007 -0.000254099 -0.0119763 0.00159063 0.0124179 0.0171622 0.00184254 -0.0172638 -0.0295364 -0.0133169 -0.01081
internal_weight=570.006 512.563 429.07 58.3415 370.729 83.4929 57.6359 25.8571 57.4428 13.9783 43.4644 36.3764
internal_count=1600 1416 1185 175 1010 231 159 72 184 52 132 109
is_linear=0
shrinkage=0.05


Tree=58
num_leaves=14
num_cat=0
split_feature=9 11 8 11 8 8 9 8 11 9 8 8 9
split_gain=0.925642 1.22629 1.03869 1.54524 0.634789 0.85064 0.745844 0.408787 0.314581 0.997904 0.279873 0.87875 0.411364
threshold=0.57500001788139354 0.8991832733154298 0.72499999403953563 0.87784731388092052 0.44374999403953558 0.47499999403953558 0.72499999403953563 0.67499998211860668 0.89565312862396251 0.52500000596046459 0.41875000298023229 0.52500000596046459 0.62500000000000011
decision_type=2 2 2 2 2 2 2 2 2 2 2 2 2
left_child=2 10 3 -1 6 -6 -3 -5 -4 -10 12 -12 -2
right_child=1 4 8 7 5 -7 -8 -9 9 -11 11 -13 -14
leaf_value=-0.018079872393682986 -0.022659247455278198 0.014093089245904756 0.0029527088800712703 0.0033197906496048066 -0.015615706462828111 0.00074805024842119171 -0.0021647065081830457 0.011363463931651021 -0.0031508898223045405 -0.026061030511700084 0.0074315772694104306 -0.0092896541192822226 -0.0077227288029057071
leaf_weight=8.2797963470220548 6.8748050183057812 16.647085934877399 6.9317536205053356 222.77451454102993 9.416331544518469 50.716673418879509 12.242381930351256 17.000702023506165 18.30450822412968 6.4201579838991156 10.027897790074347 36.29794704914093 13.990319699048994
leaf_count=34 25 57 33 766 38 191 47 62 80 27 40 147 53
internal_value=0.000346482 -0.00273658 0.00206831 0.00315678 0.00111212 -0.00181438 0.00720358 0.00389011 -0.00646074 -0.00909988 -0.00783578 -0.0056701 -0.0126441
internal_weight=435.925 156.213 279.711 248.055 89.0225 60.133 28.8895 239.775 31.6564 24.7247 67.191 46.3258 20.8651
internal_count=1600 598 1002 862 333 229 104 828 140 107 265 187 78
is_linear=0
shrinkage=0.05


Tree=59
num_leaves=12
num_cat=0
split_feature=10 10 10 8 8 11 11 10 10 10 8
split_gain=9.76973 1.78176 1.47089 1.0597 1.99701 1.74851 0.901578 1.14287 0.845891 0.669711 0.438818
threshold=-0.075000001117587076 0.12500000372529033 -0.47499999403953547 0.57500001788139354 0.62500000000000011 0.89565312862396251 0.8991832733154298 -0.23749999701976773 -0.28750000894069666 0.47499999403953558 0.52500000596046459
decision_type=2 2 2 2 2 2 2 2 2 2 2
left_child=2 3 -1 5 -5 -2 8 -8 -4 10 -3
right_child=1 9 6 4 -6 -7 7 -9 -10 -11 -12
leaf_value=0.023119337861194023 -0.012622919044227288 -0.017433168756825695 0.0099240310082119466 -0.025287861750512036 -0.0020991557549182183 0.0037238969159430189 0.0035675178969281811 0.013416293610063757 -0.00042498176335751956 -0.026227682586043438 -0.0088444648372833744
leaf_weight=14.007057368755339 20.90611469745636 17.372797518968582 28.325245320796967 13.408108681440352 30.191144555807114 75.20037904381752 51.046889692544937 69.640981584787369 65.18231675028801 6.7826042324304572 103.3137474656105
leaf_count=38 70 67 78 49 105 237 141 199 190 31 395
internal_value=-0.000175902 -0.00666532 0.00742178 -0.00276507 -0.00923039 0.000167962 0.00639525 0.00925059 0.00270993 -0.01094 -0.0100808
internal_weight=495.377 267.175 228.202 139.706 43.5993 96.1065 214.195 120.688 93.5076 127.469 120.687
internal_count=1600 954 646 461 154 307 608 340 268 493 462
is_linear=0
shrinkage=0.05


Tree=60
num_leaves=14
num_cat=0
split_feature=8 8 11 10 8 10 11 10 11 10 10 10 11
split_gain=6.91771 4.04108 2.37816 3.10644 1.75245 1.69755 1.57139 2.34177 0.925661 0.436848 0.433931 0.223651 0.222754
threshold=0.32500000298023229 0.72499999403953563 0.89565312862396251 -1.0000000180025095e-35 0.57500001788139354 -0.28750000894069666 0.87784731388092052 0.12500000372529033 0.9063059687614442 -0.47499999403953547 -0.075000001117587076 0.16250000149011615 0.9063059687614442
decision_type=2 2 2 2 2 2 2 2 2 2 2 2 2
left_child=5 2 4 -4 -2 8 11 -8 9 -1 12 -3 -7
right_child=1 6 3 -5 -6 10 7 -9 -10 -11 -12 -13 -14
leaf_value=-0.010009277093170123 0.011167689567538131 -0.0060178664235576371 -0.0074959781571904685 0.0022404331128689152 -0.0030123379488079375 -0.0097958516599037839 0.037372458667562898 0.011333857988102287 -0.043440057752300448 -0.026894273799098929 -0.020031325837656721 0.0051876114516657447 -8.1548465591180003e-05
leaf_weight=5.8993999361991927 66.912639319896698 10.346648633480074 152.91673168540001 176.45743036270142 32.309769451618195 17.150356292724609 10.250794142484663 54.771435111761093 6.302070587873458 10.923443838953972 7.5928959250450125 7.8173939883708945 8.9969623386859912
leaf_count=22 184 28 436 476 89 51 28 153 24 38 22 22 27
internal_value=-0.000116506 0.00172177 -0.000235624 -0.00227984 0.00655025 -0.0166608 0.0118067 0.0154389 -0.0270958 -0.0209731 -0.00950888 -0.00119528 -0.00645328
internal_weight=568.648 511.783 428.597 329.374 99.2224 56.8651 83.1863 65.0222 23.1249 16.8228 33.7402 18.164 26.1473
internal_count=1600 1416 1185 912 273 184 231 181 84 60 100 50 78
is_linear=0
shrinkage=0.05


Tree=61
num_leaves=15
num_cat=0
split_feature=10 10 11 8 11 8 11 11 8 10 8 8 8 8
split_gain=0.783171 1.64454 1.70717 1.36958 3.28579 2.664 1.36838 1.14081 1.0541 2.1376 1.02736 0.816404 0.720231 0.411251
threshold=-0.12500000372529027 -0.28750000894069666 0.9063059687614442 0.62500000000000011 0.9029313623905183 0.72499999403953563 0.89565312862396251 0.87784731388092052 0.38750000298023229 -0.43124999105930323 0.27500000596046453 0.47499999403953558 0.57500001788139354 0.44374999403953558
decision_type=2 2 2 2 2 2 2 2 2 2 2 2 2 2
left_child=1 8 10 7 6 -6 -5 -2 9 -1 -3 -10 -9 -4
right_child=3 2 13 4 5 -7 -8 12 11 -11 -12 -13 -14 -15
leaf_value=-0.0074708109230862407 -0.015067890148821478 0.014611418745428843 -0.016176166495204741 -0.0032816764455425407 0.019183723499081665 -0.0039489136360983121 -0.019541505029222268 0.0035446654904206908 -0.012755848391456621 0.016961145866927849 -0.0061612095401093261 0.0097145945333955066 0.011657248441511475 -0.033104482078573409
leaf_weight=13.913902819156645 7.3917235732078543 6.6783166527748099 9.4537794291973096 24.815441653132439 22.089257091283798 28.508392482995987 27.037452399730682 157.74151468276978 13.522611424326898 25.107677221298218 54.744832471013069 5.7657638788223258 33.099281892180443 5.7820192873477927
leaf_count=53 30 23 37 107 73 114 116 536 54 83 215 23 112 24
internal_value=0.000358941 -0.00280527 -0.00761883 0.00177928 -0.00291469 0.00615003 -0.01176 0.00420521 0.00352301 0.00824946 -0.00390268 -0.00603889 0.00495171 -0.0226005
internal_weight=435.652 134.969 76.6589 300.683 102.451 50.5976 51.8529 198.233 58.31 39.0216 61.4231 19.2884 190.841 15.2358
internal_count=1600 512 299 1088 410 187 223 678 213 136 238 77 648 61
is_linear=0
shrinkage=0.05


Tree=62
num_leaves=13
num_cat=0
split_feature=10 9 9 11 9 11 11 10 10 11 9 10
split_gain=8.83432 3.31397 1.41831 1.90092 2.29388 1.34201 1.14909 1.01155 0.951796 0.934173 0.576103 0.287156
threshold=-0.075000001117587076 0.22500000149011615 0.72499999403953563 0.9063059687614442 0.82500001788139354 0.8991832733154298 0.87784731388092052 0.12500000372529033 -0.33749999105930323 0.8991832733154298 0.47499999403953558 -0.36249999701976771
decision_type=2 2 2 2 2 2 2 2 2 2 2 2
left_child=2 -2 5 4 -4 6 -1 9 -7 -3 -9 -5
right_child=1 7 3 11 -6 8 -8 10 -10 -11 -12 -13
leaf_value=0.015074244079215616 -0.03967703725460902 -0.0071264426233123585 0.015477846061622747 0.033789222886269912 -0.0055161661586442708 -0.0059496403716146444 -0.0038166607062725269 -0.0067393370644322458 0.010223083117040002 0.0011192740955640564 -0.014617186621765933 0.02058352611002583
leaf_weight=9.3896161913871747 7.2685999274253836 61.844307035207748 38.744620084762573 8.8273812830448168 19.590066462755203 10.307934790849684 56.415665745735168 87.833358898758888 77.466587841510773 77.258687436580658 31.541071757674217 7.7138549685478202
leaf_count=27 37 210 104 24 56 28 165 337 221 250 120 21
internal_value=-0.00018236 -0.00638065 0.00702767 0.0126699 0.0084276 0.00427687 -0.00112116 -0.00544433 0.00832381 -0.00254672 -0.00882082 0.0276309
internal_weight=494.202 265.746 228.456 74.8759 58.3347 153.58 65.8053 258.477 87.7745 139.103 119.374 16.5412
internal_count=1600 954 646 205 160 441 192 917 249 460 457 45
is_linear=0
shrinkage=0.05


Tree=63
num_leaves=14
num_cat=0
split_feature=8 8 11 10 8 10 11 10 11 11 10 10 11
split_gain=6.39755 3.5998 2.1625 2.83002 1.63162 1.61818 1.47109 2.58977 2.01061 0.904097 0.4172 0.41716 0.208103
threshold=0.32500000298023229 0.72499999403953563 0.89565312862396251 -1.0000000180025095e-35 0.57500001788139354 -0.28750000894069666 0.89565312862396251 0.33749999105930334 0.8991832733154298 0.9063059687614442 -0.47499999403953547 -0.075000001117587076 0.9063059687614442
decision_type=2 2 2 2 2 2 2 2 2 2 2 2 2
left_child=5 2 4 -4 -2 9 7 -3 -8 10 -1 12 -7
right_child=1 6 3 -5 -6 11 8 -9 -10 -11 -12 -13 -14
leaf_value=-0.0096354350179881296 0.010717650580927468 -0.0081124821397151985 -0.0071443601609118184 0.0021565078181256282 -0.0029673482997060623 -0.0093889950943274059 0.035988272902768001 0.028085035443006084 0.011325945374574858 -0.042874477327109251 -0.02622140472786515 -0.019494848864387817 1.0551770860265929e-05
leaf_weight=5.8562945872545287 66.951758176088333 19.088012188673023 152.47935301065445 176.40822732448578 32.282841503620148 17.074924021959305 10.021522790193556 6.6673088669776908 47.12808033823967 6.1051744222640982 10.753092393279076 7.5496390163898459 8.9881994128227252
leaf_count=22 184 52 436 476 89 51 30 20 129 24 38 22 27
internal_value=-0.000119658 0.00164308 -0.000203611 -0.00215557 0.00626567 -0.016112 0.0111794 0.00125801 0.0156506 -0.0264212 -0.0203734 -0.00914535 -0.00614744
internal_weight=567.354 511.027 428.122 328.888 99.2346 56.3273 82.9049 25.7553 57.1496 22.7146 16.6094 33.6128 26.0631
internal_count=1600 1416 1185 912 273 184 231 72 159 84 60 100 78
is_linear=0
shrinkage=0.05


Tree=64
num_leaves=13
num_cat=0
split_feature=9 10 10 10 10 8 8 8 10 8 9 10
split_gain=0.77885 1.14729 1.86144 1.11049 0.838746 0.575131 1.11146 0.299104 0.176368 0.367209 0.142137 0.0936564
threshold=0.57500001788139354 0.12500000372529033 1.0000000180025095e-35 -0.12500000372529027 0.30625000596046453 0.72499999403953563 0.67499998211860668 0.77500000596046459 0.40625000000000006 0.72499999403953563 0.27500000596046453 0.26250000298023229
decision_type=2 2 2 2 2 2 2 2 2 2 2 2
left_child=4 2 3 -2 5 6 -1 -4 9 -6 -10 -7
right_child=1 -3 7 -5 8 11 -8 -9 10 -11 -12 -13
leaf_value=0.0026749942710368197 -0.0045846880660622173 0.0134627697052926 -0.015588777935911137 0.005755347896590361 -0.014939463363722337 -0.011625143972235375 0.018402135069851597 -0.030863644140448357 -0.0081570856981247799 -0.0011489681991646099 0.0030102966247765746 -0.0026945238399393055
leaf_weight=224.33700600266457 94.510378390550613 10.527197211980818 9.6805182099342328 35.803285017609596 10.613672256469732 6.8051020950078946 11.826224312186239 4.7909505367279044 4.46302881836891 8.8541081398725492 7.8805673569440842 5.1630573570728302
leaf_count=770 367 40 42 128 42 30 42 21 20 41 35 22
internal_value=0.000365301 -0.0024743 -0.00363307 -0.00174379 0.00194071 0.00292065 0.00346255 -0.0206457 -0.00570293 -0.00866743 -0.00102745 -0.00777248
internal_weight=435.255 155.312 144.785 130.314 279.943 248.131 236.163 14.4715 31.8114 19.4678 12.3436 11.9682
internal_count=1600 598 558 495 1002 864 812 63 138 83 55 52
is_linear=0
shrinkage=0.05


Tree=65
num_leaves=12
num_cat=0
split_feature=10 9 10 9 9 10 11 9 11 11 9
split_gain=8.02475 3.40161 1.34664 1.4752 1.28581 1.08197 2.8164 1.79749 1.0448 3.48506 0.548017
threshold=-0.12500000372529027 0.22500000149011615 0.12500000372529033 0.52500000596046459 0.67499998211860668 -0.23749999701976773 0.8991832733154298 0.82500001788139354 0.89565312862396251 0.8991832733154298 0.47499999403953558
decision_type=2 2 2 2 2 2 2 2 2 2 2
left_child=4 -2 3 -3 8 7 -7 -6 -1 -10 -4
right_child=1 2 10 -5 5 6 -8 -9 9 -11 -12
leaf_value=0.014974764324339002 -0.039418847524598025 0.0024208161290166213 -0.0064211073631068845 -0.0065868709166195527 0.013975365798507406 0.0029353029904372677 0.037637781609474986 -0.0035855867885800138 -0.01658582457361487 0.0080180413160438821 -0.014139590422055863
leaf_weight=16.700710535049438 7.0556219518184653 101.35748571157455 87.319080471992493 82.408611983060837 52.185385018587112 10.975300937891008 12.512157082557676 20.216920733451843 20.049087911844254 51.015693426132202 31.219012767076492
leaf_count=48 37 317 337 277 141 30 34 57 59 143 120
internal_value=-0.000184802 -0.00509982 -0.00429884 -0.00161862 0.00809435 0.0120969 0.0214219 0.00907181 0.00372133 0.0010767 -0.0084539
internal_weight=493.015 309.36 302.304 183.766 183.655 95.8898 23.4875 72.4023 87.7655 71.0648 118.538
internal_count=1600 1088 1051 594 512 262 64 198 250 202 457
is_linear=0
shrinkage=0.05


Tree=66
num_leaves=13
num_cat=0
split_feature=8 8 9 9 11 11 11 8 9 9 8 8
split_gain=5.94538 3.24113 3.15917 2.26471 1.58286 1.38898 1.92572 1.64891 1.01142 1.3316 0.51685 0.278128
threshold=0.32500000298023229 0.72499999403953563 0.72499999403953563 0.82500001788139354 0.8991832733154298 0.89565312862396251 0.8991832733154298 0.82500001788139354 0.62500000000000011 0.77500000596046459 0.22500000149011615 0.27500000596046453
decision_type=2 2 2 2 2 2 2 2 2 2 2 2
left_child=8 2 4 -4 -2 7 -7 -3 10 -10 -1 -12
right_child=1 5 3 -5 -6 6 -8 -9 9 -11 11 -13
leaf_value=-0.02445338918111287 0.0051741091661262097 0.01119844377216918 -0.018449710359862787 0.0022467579530568889 -0.0014067585358461389 0.035060585915733571 0.010781859450368294 -0.014737390332358262 -0.041753799829783445 -0.0097357299195407285 -0.0040622176148442822 -0.013058689456560147
leaf_weight=6.8486627638339987 164.49765807390213 15.570322334766388 37.062911570072174 20.544694602489471 205.54707464575768 9.8849466741085035 47.004385054111481 10.105703294277191 7.4045961350202543 5.7837920188903809 14.314923197031019 21.484794706106186
leaf_count=23 448 44 118 57 562 30 129 28 31 21 44 65
internal_value=-0.000121075 0.00157409 -0.000176936 -0.0110687 0.00151866 0.0106437 0.0150005 0.000990484 -0.015611 -0.0277122 -0.0118688 -0.00946135
internal_weight=566.054 510.218 427.652 57.6076 370.045 82.5654 56.8893 25.676 55.8368 13.1884 42.6484 35.7997
internal_count=1600 1416 1185 175 1010 231 159 72 184 52 132 109
is_linear=0
shrinkage=0.05


Tree=67
num_leaves=14
num_cat=0
split_feature=9 11 10 10 10 11 11 10 10 10 10 10 9
split_gain=0.728267 1.16638 1.25225 1.36815 0.746509 1.29075 0.588449 1.9383 1.38079 0.402496 0.37536 0.874003 0.16428
threshold=0.57500001788139354 0.8991832733154298 0.12500000372529033 -1.0000000180025095e-35 0.30625000596046453 0.8991832733154298 0.8991832733154298 0.12500000372529033 -0.18749999999999997 0.40625000000000006 -0.43124999105930323 -0.33749999105930323 0.36249999701976782
decision_type=2 2 2 2 2 2 2 2 2 2 2 2 2
left_child=4 10 3 -3 6 12 7 -1 -8 -7 -2 -12 -6
right_child=1 2 -4 -5 5 9 8 -9 -10 -11 11 -13 -14
leaf_value=0.010290503571058875 -0.018963038876669079 0.0021819177352707915 0.023721788938073134 -0.017576822859246721 -0.014196399823945639 -0.0037019928281319041 -0.015315553295950093 -0.0039208769967725909 0.0022157202668247602 0.010706537741380903 0.0088295124159984799 -0.0085843479177714534 -0.02664133961526214
leaf_weight=72.425534784793854 6.3293455690145484 72.646890625357628 5.8582005798816672 9.9624874740838987 7.7121186703443545 11.375280290842058 12.313468486070631 35.879343017935753 127.83000870049 8.4453511089086515 8.3695047646760923 51.808363243937492 4.0414216220378876
leaf_count=247 25 272 21 40 38 44 46 131 440 34 30 210 22
internal_value=0.000372238 -0.0023778 0.00138319 -0.000200938 0.00189421 -0.00534753 0.00281453 0.00558254 0.000675365 0.00243732 -0.00738064 -0.00616244 -0.0184756
internal_weight=434.997 154.975 88.4676 82.6094 280.023 31.5742 248.448 108.305 140.143 19.8206 66.5072 60.1779 11.7535
internal_count=1600 598 333 312 1002 138 864 378 486 78 265 240 60
is_linear=0
shrinkage=0.05


Tree=68
num_leaves=11
num_cat=0
split_feature=10 10 11 10 8 10 10 8 10 8
split_gain=7.22206 1.94206 1.16898 4.2819 2.82138 1.01377 0.938395 0.907056 0.625365 0.425932
threshold=-0.12500000372529027 0.12500000372529033 0.89565312862396251 0.062500001862645163 0.72499999403953563 -0.47499999403953547 -0.43124999105930323 0.36249999701976782 0.47499999403953558 0.52500000596046459
decision_type=2 2 2 2 2 2 2 2 2 2
left_child=5 2 3 -2 -4 -1 -7 -8 9 -3
right_child=1 8 4 -5 -6 6 7 -9 -10 -11
leaf_value=0.020628575200212156 -0.017596239487328396 -0.016226923846271852 0.0022216636061317564 0.019742301352131994 -0.030062986353365847 -0.0089946685326171474 0.0034114791337746171 0.010946737106211408 -0.024889437563014236 -0.0076422952431372815
leaf_weight=13.914644062519072 32.761406272649765 16.863366827368736 133.88758492469788 10.028626620769499 7.1274589449167243 9.138471454381941 74.02536553144455 86.727129489183426 6.4257381558418265 100.92017333209515
leaf_count=38 110 67 424 35 26 25 207 242 31 395
internal_value=-0.000189881 -0.00487037 -0.00160664 -0.00884527 0.00058987 0.0076535 0.0065908 0.00747681 -0.00970004 -0.00887138
internal_weight=491.82 308.014 183.805 42.79 141.015 183.806 169.891 160.752 124.209 117.784
internal_count=1600 1088 595 145 450 512 474 449 493 462
is_linear=0
shrinkage=0.05


Tree=69
num_leaves=14
num_cat=0
split_feature=8 8 9 9 10 8 9 9 10 9 9 8 9
split_gain=5.5113 2.90094 2.89746 2.15039 1.52333 1.21542 1.17376 0.814871 0.699355 0.554238 0.47585 0.65403 0.0485623
threshold=0.32500000298023229 0.72499999403953563 0.72499999403953563 0.82500001788139354 -0.28750000894069666 0.87500000000000011 0.32500000298023229 0.77500000596046459 0.33749999105930334 0.62500000000000011 0.44374999403953558 0.27500000596046453 0.47499999403953558
decision_type=2 2 2 2 2 2 2 2 2 2 2 2 2
left_child=4 2 6 -4 7 8 -2 9 -3 -1 11 -6 -12
right_child=1 5 3 -5 10 -7 -8 -9 -10 -11 12 -13 -14
leaf_value=-0.022810135130181285 0.0086502365145264409 0.0086339454951599292 -0.01786431673832041 0.0023400022203887484 -0.0042746126991390293 -0.0077935962897621907 0.00036348837473812559 -0.0090739674897691424 0.018878469010686308 -0.041378548176764063 0.0012448231655953542 -0.02339814061964483 -0.004407861577009402
leaf_weight=9.0931189954280907 49.304233521223068 48.287878215312958 36.724012315273285 20.532621026039124 8.8628874123096466 8.5051243901252729 320.56662258505821 5.7151794731616965 25.433794021606445 7.2013476490974417 6.7398608326911917 9.0224158465862274 8.7093379497528058
leaf_count=32 135 133 118 57 27 23 875 21 75 31 20 27 26
internal_value=-0.000124767 0.00150346 -0.00015215 -0.0106189 -0.01511 0.0101035 0.00146812 -0.0253187 0.0121683 -0.0310165 -0.00836949 -0.0139217 -0.00194182
internal_weight=564.698 509.354 427.127 57.2566 55.3441 82.2268 369.871 22.0096 73.7217 16.2945 33.3345 17.8853 15.4492
internal_count=1600 1416 1185 175 184 231 1010 84 208 63 100 54 46
is_linear=0
shrinkage=0.05


Tree=70
num_leaves=9
num_cat=0
split_feature=10 10 9 11 10 9 11 11
split_gain=0.973769 0.974681 1.65787 3.14311 1.54233 1.33987 1.17684 1.05803
threshold=-0.54375001788139332 -0.33749999105930323 0.72499999403953563 0.8991832733154298 -0.12500000372529027 0.82500001788139354 0.9029313623905183 0.9063059687614442
decision_type=2 2 2 2 2 2 2 2
left_child=-1 2 3 -2 7 -4 -6 -3
right_child=1 4 5 -5 6 -7 -8 -9
leaf_value=-0.021773043866623119 -0.0045442060492760757 -0.0031273107953881281 -0.010869541490767042 0.040011242162895901 -0.00093962688103497365 0.016769451520695405 0.0054213207505705704 -0.016733679675999168
leaf_weight=4.9042885154485694 7.0566304028034237 76.089806720614433 12.637165531516077 9.0147405266761762 177.57484532892704 6.7147959172725669 123.13471747934818 17.590385511517525
leaf_count=20 23 294 50 28 658 26 430 71
internal_value=0.000380653 0.000633433 0.00857817 0.0204478 -8.01483e-05 -0.00127929 0.00166506 -0.00568219
internal_weight=434.717 429.813 35.4233 16.0714 394.39 19.352 300.71 93.6802
internal_count=1600 1580 127 51 1453 76 1088 365
is_linear=0
shrinkage=0.05


Tree=71
num_leaves=13
num_cat=0
split_feature=10 9 8 9 9 9 9 9 9 8 9 8
split_gain=6.5612 3.12199 1.30663 1.83856 1.14115 1.58037 1.28204 0.99338 0.638396 0.521701 0.215238 0.215042
threshold=-0.075000001117587076 0.22500000149011615 0.47499999403953558 0.32500000298023229 0.72499999403953563 0.82500001788139354 0.52500000596046459 0.27500000596046453 0.67499998211860668 0.47499999403953558 0.47499999403953558 0.41875000298023229
decision_type=2 2 2 2 2 2 2 2 2 2 2 2
left_child=4 -2 7 -4 6 9 10 -3 -8 -6 -1 -7
right_child=1 2 3 -5 5 11 8 -9 -10 -11 -12 -13
leaf_value=0.00793296584529171 -0.039104339584309068 0.019940752427375835 -0.021897816783594544 -0.0051686853397912109 0.020989073982634558 0.007530828054480041 -0.0017690811875099273 -0.00058262712873079583 0.0066267899589279146 0.010722422592957831 0.015098287235142336 -0.0023905975454797477
leaf_weight=26.551524579524994 6.7727172821760169 6.5960271656513205 18.127059489488602 174.78307366371155 26.61180591583252 8.0583488941192645 78.41498926281929 55.55538484454155 31.832270443439484 23.127557098865509 17.315586358308792 16.948094248771667
leaf_count=74 37 21 79 642 72 22 231 175 88 62 48 49
internal_value=-0.000193646 -0.00559905 -0.00470937 -0.00674066 0.00599057 0.0110603 0.00353174 0.00159549 0.000655103 0.0162153 0.0107613 0.000806591
internal_weight=490.694 261.834 255.062 192.91 228.86 74.7458 154.114 62.1514 110.247 49.7394 43.8671 25.0064
internal_count=1600 954 917 721 646 205 441 196 319 134 122 71
is_linear=0
shrinkage=0.05


Tree=72
num_leaves=13
num_cat=0
split_feature=8 8 9 9 11 11 8 9 9 8 8 9
split_gain=5.09947 2.68102 2.61825 1.99584 1.4382 1.35174 1.4953 0.922631 1.30502 0.492281 0.261215 0.128996
threshold=0.32500000298023229 0.72499999403953563 0.72499999403953563 0.82500001788139354 0.8991832733154298 0.87784731388092052 0.87500000000000011 0.62500000000000011 0.77500000596046459 0.22500000149011615 0.27500000596046453 0.62500000000000011
decision_type=2 2 2 2 2 2 2 2 2 2 2 2
left_child=7 2 4 -4 -2 11 -7 9 -9 -1 -11 -3
right_child=1 5 3 -5 -6 6 -8 8 -10 10 -12 -13
leaf_value=-0.023483724446859224 0.0048675308737394429 0.0025297222770931434 -0.017185295792048926 0.0023171629385087661 -0.0014080412782558672 0.015811806207223368 -0.0086331603100150769 -0.04096474092172625 -0.0086559575158464252 -0.0034672624206268151 -0.012221856292540698 -0.0060257802913702809
leaf_weight=6.7093532979488364 164.35345098376274 7.6782703697681454 36.329942047595978 20.532950431108475 205.38337740302086 56.933133721351624 7.0281802117824546 6.9645562767982465 5.6699856817722321 14.214211761951445 21.27126470208168 10.337520390748976
leaf_count=23 448 22 118 57 562 162 19 31 21 44 65 28
internal_value=-0.000125101 0.00143679 -0.000154607 -0.010143 0.00138154 0.00971823 0.0131258 -0.0146126 -0.0264656 -0.0110634 -0.00871508 -0.00237945
internal_weight=563.406 508.577 426.6 56.8629 369.737 81.9771 63.9613 54.8294 12.6345 42.1948 35.4855 18.0158
internal_count=1600 1416 1185 175 1010 231 181 184 52 132 109 50
is_linear=0
shrinkage=0.05


Tree=73
num_leaves=14
num_cat=0
split_feature=9 11 8 11 8 8 9 11 11 9 8 8 9
split_gain=0.65646 1.05445 0.646082 1.35107 0.507418 0.763308 0.483691 0.416317 0.296578 0.991492 0.268724 0.885157 0.449039
threshold=0.57500001788139354 0.8991832733154298 0.72499999403953563 0.87784731388092052 0.44374999403953558 0.47499999403953558 0.72499999403953563 0.8991832733154298 0.89565312862396251 0.52500000596046459 0.41875000298023229 0.52500000596046459 0.62500000000000011
decision_type=2 2 2 2 2 2 2 2 2 2 2 2 2
left_child=2 10 3 -1 6 -6 -3 -5 -4 -10 12 -12 -2
right_child=1 4 8 7 5 -7 -8 -9 9 -11 11 -13 -14
leaf_value=-0.017383863451167821 -0.02228534291825594 0.012214763424035664 0.0042268553099415644 0.005789156326601385 -0.014559795956319774 0.0011219930583589108 -0.00091334618570845761 0.0015820624260738593 -0.001627790499235789 -0.024914600236334426 0.0083734984488781309 -0.0085395115667396791 -0.0065466858590015418
leaf_weight=8.1198973655700666 6.7850304841995266 16.940004974603657 6.7635689377784756 101.50707916915417 9.1751405298709852 50.302395462989807 11.976781442761419 139.77450208365917 17.72371190786362 6.1595315486192694 9.8783334046602231 35.671532779932022 13.648082613945006
leaf_count=34 25 57 33 350 38 191 47 478 80 27 40 147 53
internal_value=0.000391932 -0.0022259 0.00183502 0.00267688 0.00134432 -0.00129712 0.00677735 0.00335199 -0.00501599 -0.0076335 -0.00700874 -0.00487161 -0.0117729
internal_weight=434.426 154.377 280.048 249.401 88.3943 59.4775 28.9168 241.282 30.6468 23.8832 65.983 45.5499 20.4331
internal_count=1600 598 1002 862 333 229 104 828 140 107 265 187 78
is_linear=0
shrinkage=0.05


Tree=74
num_leaves=9
num_cat=0
split_feature=9 8 9 9 9 8 11 11
split_gain=3.9754 3.19619 2.4219 1.98792 2.71617 1.60277 0.936665 0.814339
threshold=0.22500000149011615 0.47499999403953558 0.32500000298023229 0.72499999403953563 0.77500000596046459 0.72499999403953563 0.87784731388092052 0.9029313623905183
decision_type=2 2 2 2 2 2 2 2
left_child=-1 3 7 6 -5 -4 -2 -3
right_child=1 2 5 4 -6 -7 -8 -9
leaf_value=-0.038866811127982959 0.019245857161640845 -0.033803680544578954 1.9003978116187255e-05 0.032284160560358786 0.0046289269776501009 -0.0098331825363337354 0.0018108039149961051 -0.012150032225142177
leaf_weight=6.5595044195651999 8.0452235043048841 7.5223705321550378 184.89179643988609 14.308651775121687 23.395477026700974 53.14670430123806 181.26464354991913 10.269525170326233
leaf_count=37 23 35 615 39 64 209 534 44
internal_value=-0.000203886 0.000321355 -0.00351071 0.00463985 0.015124 -0.00218069 0.00255175 -0.0213051
internal_weight=489.404 482.844 255.83 227.014 37.7041 238.039 189.31 17.7919
internal_count=1600 1563 903 660 103 824 557 79
is_linear=0
shrinkage=0.05


Tree=75
num_leaves=14
num_cat=0
split_feature=8 8 11 10 8 10 11 10 10 11 10 10 11
split_gain=4.73441 2.36977 1.82765 2.18249 1.60694 1.43351 1.28225 2.38156 1.83646 0.937528 0.439354 0.381364 0.191481
threshold=0.32500000298023229 0.72499999403953563 0.89565312862396251 -1.0000000180025095e-35 0.57500001788139354 -0.28750000894069666 0.89565312862396251 0.33749999105930334 0.12500000372529033 0.9063059687614442 -0.47499999403953547 -0.075000001117587076 0.9063059687614442
decision_type=2 2 2 2 2 2 2 2 2 2 2 2 2
left_child=5 2 4 -4 -2 9 7 -3 -8 10 -1 12 -7
right_child=1 6 3 -5 -6 11 8 -9 -10 -11 -12 -13 -14
leaf_value=-0.0066133372121874772 0.010256199960320804 -0.0090513779157320087 -0.0063335465458741599 0.0018569454706348994 -0.0033570986589815835 -0.0078950730033421901 0.033156983132765591 0.026077490344912909 0.0092585593720642383 -0.041793491041600087 -0.024146969227308201 -0.017641226015125602 0.0011841537266682029
leaf_weight=5.5062482059001931 66.741880923509598 19.001851081848148 151.04974946379662 176.22285887598991 32.105487644672394 16.785628408193588 9.7202103137969953 6.4666675031185141 46.467416614294052 5.6189815253019324 10.175089120864868 7.3946817219257346 8.8790318369865435
leaf_count=22 184 52 436 476 89 51 27 20 132 24 38 22 27
internal_value=-0.000129794 0.00137157 -0.000123692 -0.0019233 0.00583462 -0.0141541 0.00917452 -0.000131868 0.0133929 -0.0242695 -0.0179903 -0.0076366 -0.00475399
internal_weight=562.136 507.776 426.12 327.273 98.8474 54.3597 81.6561 25.4685 56.1876 21.3003 15.6813 33.0593 25.6647
internal_count=1600 1416 1185 912 273 184 231 72 159 84 60 100 78
is_linear=0
shrinkage=0.05


Tree=76
num_leaves=8
num_cat=0
split_feature=10 10 10 8 11 11 11
split_gain=0.895295 0.954367 1.11803 1.22147 1.08915 0.731798 1.398
threshold=-0.54375001788139332 -0.36249999701976771 -0.12500000372529027 0.27500000596046453 0.9029313623905183 0.9063059687614442 0.9029313623905183
decision_type=2 2 2 2 2 2 2
left_child=-1 5 3 -3 -4 6 -2
right_child=1 2 4 -5 -6 -7 -8
leaf_value=-0.021064570849759722 0.0050787211258006074 0.0098287814885391952 -0.00088460236846343236 -0.0064114795938074037 0.005233224460056864 -0.0043033012016800709 0.03466890805068689
leaf_weight=4.8037141412496558 11.123421460390096 13.247391939163206 177.32837925851345 91.879625558853149 123.35881777107716 6.2107499986886969 6.225792169570922
leaf_count=20 41 44 658 362 430 23 22
internal_value=0.00040131 0.000641464 7.34835e-05 -0.00436499 0.00162527 0.0104248 0.0156972
internal_weight=434.178 429.374 405.814 105.127 300.687 23.56 17.3492
internal_count=1600 1580 1494 406 1088 86 63
is_linear=0
shrinkage=0.05


Tree=77
num_leaves=13
num_cat=0
split_feature=10 9 11 9 9 10 11 9 10 11 9 10
split_gain=5.43939 2.93022 1.01404 1.41901 1.43764 0.93769 2.40917 0.707592 0.624969 0.783498 0.521123 0.256851
threshold=-0.075000001117587076 0.22500000149011615 0.9063059687614442 0.72499999403953563 0.62500000000000011 -0.12500000372529027 0.9029313623905183 0.62500000000000011 0.12500000372529033 0.8991832733154298 0.47499999403953558 -0.36249999701976771
decision_type=2 2 2 2 2 2 2 2 2 2 2 2
left_child=2 -2 5 4 -4 7 -7 -1 9 -3 -10 -5
right_child=1 8 3 11 -6 6 -8 -9 10 -11 -12 -13
leaf_value=0.0012674464260876688 -0.038655424543164764 -0.0062817436546501147 0.012805970842545606 0.029681797279702729 -0.010649981562782561 0.0033137672963123991 -0.027462628092507536 0.0084194684449735747 -0.00503225606987465 0.0013055744492785158 -0.012676071253467975 0.017153389209717627
leaf_weight=57.697228401899338 6.3699042648077002 60.992161586880684 21.26750406622887 8.7267637550830859 9.4287506937980634 29.558102488517761 8.1016512513160688 86.326532304286957 84.98598513007164 76.95637309551239 30.22878061234951 7.7012626826763144
leaf_count=165 37 210 59 24 26 89 24 238 337 250 120 21
internal_value=-0.000207392 -0.00516215 0.00541272 0.0119485 0.00560117 0.0037175 -0.00330708 0.0055543 -0.00431942 -0.00204906 -0.00703776 0.0238086
internal_weight=488.341 259.533 228.808 47.1243 30.6963 181.684 37.6598 144.024 253.163 137.949 115.215 16.428
internal_count=1600 954 646 130 85 516 113 403 917 460 457 45
is_linear=0
shrinkage=0.05


Tree=78
num_leaves=14
num_cat=0
split_feature=8 8 11 10 8 10 11 10 11 11 10 10 11
split_gain=4.37008 2.17046 1.67541 1.99763 1.50585 1.37093 1.21955 2.24554 1.80526 0.922713 0.421233 0.367071 0.188981
threshold=0.32500000298023229 0.72499999403953563 0.89565312862396251 -1.0000000180025095e-35 0.57500001788139354 -0.28750000894069666 0.89565312862396251 0.33749999105930334 0.8991832733154298 0.9063059687614442 -0.47499999403953547 -0.075000001117587076 0.9063059687614442
decision_type=2 2 2 2 2 2 2 2 2 2 2 2 2
left_child=5 2 4 -4 -2 9 7 -3 -8 10 -1 12 -7
right_child=1 6 3 -5 -6 11 8 -9 -10 -11 -12 -13 -14
leaf_value=-0.0062902967597377041 0.0098615583176162088 -0.008918090326563391 -0.0060716150748041618 0.0017692579549968973 -0.0033186525398107326 -0.0076064375687588462 0.032763495096918817 0.025338627684906814 0.008852087648795191 -0.041371788679802513 -0.023541525408046465 -0.017156590803630432 0.0014257898306747367
leaf_weight=5.4714354574680337 66.762584209442139 19.010118573904041 150.70816442370415 176.20809060335159 32.08594024181366 16.731526076793671 9.5070691108703596 6.3923406451940528 46.507724732160568 5.4476236402988425 10.016419604420662 7.3515110015869132 8.856704920530321
leaf_count=22 184 52 436 476 89 51 30 20 129 24 38 22 27
internal_value=-0.000128564 0.00130965 -0.000120685 -0.00184538 0.0055833 -0.0136679 0.00878947 -0.000297641 0.0129104 -0.0236726 -0.0174471 -0.0073093 -0.00448017
internal_weight=561.057 507.182 425.765 326.916 98.8485 53.8752 81.4173 25.4025 56.0148 20.9355 15.4879 32.9397 25.5882
internal_count=1600 1416 1185 912 273 184 231 72 159 84 60 100 78
is_linear=0
shrinkage=0.05


Tree=79
num_leaves=8
num_cat=0
split_feature=10 10 10 11 11 11 11
split_gain=0.837219 0.908584 1.03962 1.02009 0.832793 0.663496 1.26313
threshold=-0.54375001788139332 -0.36249999701976771 -0.12500000372529027 0.9029313623905183 0.9063059687614442 0.9063059687614442 0.9029313623905183
decision_type=2 2 2 2 2 2 2
left_child=-1 5 4 -4 -3 6 -2
right_child=1 2 3 -5 -6 -7 -8
leaf_value=-0.02051855807767048 0.0050091572034042815 -0.0020258077967424126 -0.00085819355417772491 0.0050596219500442441 -0.013307879776647397 -0.0039355466007347994 0.03299206722890631
leaf_weight=4.7292376458644858 11.130710244178777 84.497083380818367 177.23361150920391 123.60946694016457 20.28325492143631 6.1631970405578604 6.3240076303482047
leaf_count=20 41 325 658 430 81 23 22
internal_value=0.000403989 0.000634507 7.94196e-05 0.0015733 -0.00420978 0.0101678 0.0151476
internal_weight=433.971 429.241 405.623 300.843 104.78 23.6179 17.4547
internal_count=1600 1580 1494 1088 406 86 63
is_linear=0
shrinkage=0.05


Tree=80
num_leaves=13
num_cat=0
split_feature=10 9 11 9 9 10 11 9 10 11 9 10
split_gain=4.8886 2.84197 0.914332 1.30109 1.36549 0.868949 2.25566 0.669392 0.576996 0.739583 0.497528 0.23171
threshold=-0.075000001117587076 0.22500000149011615 0.9063059687614442 0.72499999403953563 0.62500000000000011 -0.12500000372529027 0.9029313623905183 0.62500000000000011 0.12500000372529033 0.8991832733154298 0.47499999403953558 -0.36249999701976771
decision_type=2 2 2 2 2 2 2 2 2 2 2 2
left_child=2 -2 5 4 -4 7 -7 -1 9 -3 -10 -5
right_child=1 8 3 11 -6 6 -8 -9 10 -11 -12 -13
leaf_value=0.0010991485854692457 -0.038444963787490259 -0.0060469056499084482 0.012253893571910167 0.028288503371040802 -0.010601588597987644 0.0031099954294263009 -0.026763414640833174 0.008052143625741753 -0.0047662251593200335 0.001333408922803632 -0.012264936091259747 0.016377113455391716
leaf_weight=57.761550605297089 6.1726858019828788 60.768022358417511 21.321510702371601 8.6887437701225299 9.423248887062071 29.61040061712265 8.0332355797290784 86.386920869350433 84.559657454490662 76.903462484478951 29.956185445189476 7.7019442319869986
leaf_count=165 37 210 59 24 26 89 24 238 337 250 120 21
internal_value=-0.000211759 -0.00492593 0.0051085 0.0113141 0.0052487 0.00349949 -0.00326506 0.00526602 -0.0041055 -0.00192425 -0.00672781 0.0226914
internal_weight=487.288 258.36 228.928 47.1354 30.7448 181.792 37.6436 144.148 252.187 137.671 114.516 16.3907
internal_count=1600 954 646 130 85 516 113 403 917 460 457 45
is_linear=0
shrinkage=0.05


Tree=81
num_leaves=14
num_cat=0
split_feature=8 8 11 10 8 10 11 10 8 11 10 10 11
split_gain=4.06248 1.98654 1.53845 1.82321 1.41297 1.30778 1.16184 1.76472 1.60386 0.909101 0.405544 0.349436 0.184726
threshold=0.32500000298023229 0.72499999403953563 0.89565312862396251 -1.0000000180025095e-35 0.57500001788139354 -0.28750000894069666 0.89565312862396251 0.12500000372529033 0.82500001788139354 0.9063059687614442 -0.47499999403953547 -0.075000001117587076 0.9063059687614442
decision_type=2 2 2 2 2 2 2 2 2 2 2 2 2
left_child=5 2 4 -4 -2 9 8 -8 -3 10 -1 12 -7
right_child=1 6 3 -5 -6 11 7 -9 -10 -11 -12 -13 -14
leaf_value=-0.0059796998382774802 0.009498083885210052 0.0097029926665567045 -0.0058086576632084864 0.0016868738259550439 -0.0032716127276779237 -0.0073808561154387643 0.031911235605197451 0.0083943393401514962 -0.016035841896967211 -0.040994913701254777 -0.022984613619954578 -0.016684157749710899 0.0015572105545351286
leaf_weight=5.4381112307310113 66.773010283708572 15.340928584337234 150.36296939849854 176.19223347306252 32.065244317054749 16.689043432474136 9.644441753625868 46.148504644632339 9.9961676895618439 5.2854531109333029 9.8690695613622665 7.3086990416049948 8.8441342413425463
leaf_count=22 184 44 436 476 89 51 27 132 28 24 38 22 27
internal_value=-0.000125996 0.00125725 -0.000110209 -0.00176446 0.00535532 -0.0132382 0.00842731 0.0124595 -0.000451672 -0.0231166 -0.0169434 -0.00704426 -0.00428491
internal_weight=559.958 506.524 425.393 326.555 98.8383 53.4345 81.13 55.7929 25.3371 20.5926 15.3072 32.8419 25.5332
internal_count=1600 1416 1185 912 273 184 231 159 72 84 60 100 78
is_linear=0
shrinkage=0.05


Tree=82
num_leaves=13
num_cat=0
split_feature=9 10 10 10 10 11 11 10 10 11 9 9
split_gain=0.554081 0.990115 1.73329 0.858749 0.597118 1.12725 0.654813 1.79132 1.21033 0.464566 0.441076 0.148968
threshold=0.57500001788139354 0.12500000372529033 1.0000000180025095e-35 -0.12500000372529027 0.30625000596046453 0.8991832733154298 0.8991832733154298 0.12500000372529033 -0.18749999999999997 0.9029313623905183 0.38750000298023229 0.36249999701976782
decision_type=2 2 2 2 2 2 2 2 2 2 2 2
left_child=4 2 3 -2 6 11 7 -1 -8 -4 -7 -6
right_child=1 -3 9 -5 5 10 8 -9 -10 -11 -12 -13
leaf_value=0.009972519206655343 -0.0038240944609573102 0.012729744251379774 -0.013118028133481072 0.0052713133209487386 -0.013307835980183581 -0.0021208549482251648 -0.014805263200265612 -0.0037017364172888152 0.0017184629789276985 -0.03218319456593309 0.014733776528267737 -0.025450907061515662
leaf_weight=72.658859968185425 92.88582144677639 10.608729630708693 9.1649880409240705 36.013251647353172 7.5037774741649645 14.502309724688532 12.127546906471251 35.726314455270767 128.5711287856102 4.9055093526840201 5.3002946823835364 3.8070796579122543
leaf_count=247 367 40 43 128 38 56 46 131 440 20 22 22
internal_value=0.000405502 -0.00200824 -0.00310184 -0.00128292 0.00172849 -0.00480231 0.00254427 0.00546516 0.000294198 -0.0197649 0.0023904 -0.017395
internal_weight=433.776 153.578 142.97 128.899 280.197 31.1135 249.084 108.385 140.699 14.0705 19.8026 11.3109
internal_count=1600 598 558 495 1002 138 864 378 486 63 78 60
is_linear=0
shrinkage=0.05


Tree=83
num_leaves=9
num_cat=0
split_feature=10 9 8 9 9 10 10 9
split_gain=4.38604 2.75654 1.06174 1.65659 0.929715 0.839629 0.88671 1.27549
threshold=-0.075000001117587076 0.22500000149011615 0.47499999403953558 0.32500000298023229 0.27500000596046453 -0.47499999403953547 -0.43124999105930323 0.72499999403953563
decision_type=2 2 2 2 2 2 2 2
left_child=5 -2 4 -4 -3 -1 -7 -8
right_child=1 2 3 -5 -6 6 7 -9
leaf_value=0.016835374776139753 -0.038244903108809077 0.019498457248964197 -0.020493021514631227 -0.0042736247555271089 -0.00033518779610468221 -0.011240398414391707 0.0023777426634072688 0.011308112842611854
leaf_weight=13.663060277700422 5.9809763729572287 6.614913433790206 17.329531624913216 171.94923351705074 55.336532115936279 9.0779023170471174 152.02458536624908 54.251951545476913
leaf_count=38 37 21 79 642 175 25 434 149
internal_value=-0.000216656 -0.00469766 -0.00389901 -0.0057586 0.00178256 0.00481599 0.00405343 0.00472648
internal_weight=486.229 257.211 251.23 189.279 61.9514 229.017 215.354 206.277
internal_count=1600 954 917 721 196 646 608 583
is_linear=0
shrinkage=0.05


Tree=84
num_leaves=16
num_cat=0
split_feature=10 11 10 9 10 11 11 9 9 10 10 10 10 9 10
split_gain=3.03875 1.57276 2.9629 3.22477 1.66793 2.05778 1.92888 0.948499 2.04079 1.44127 1.56209 0.732205 0.41302 0.180914 0.122471
threshold=-0.18749999999999997 0.8991832733154298 0.30625000596046453 0.57500001788139354 -1.0000000180025095e-35 0.9063059687614442 0.9063059687614442 0.67499998211860668 0.82500001788139354 -0.28750000894069666 -0.23749999701976773 -0.36249999701976771 -0.43124999105930323 0.62500000000000011 0.35625000298023229
decision_type=2 2 2 2 2 2 2 2 2 2 2 2 2 2 2
left_child=7 2 3 -2 6 -6 -3 9 12 13 -11 -10 -9 -1 -4
right_child=1 4 14 -5 5 -7 -8 8 11 10 -12 -13 -14 -15 -16
leaf_value=-0.020131337153432315 -0.0010594513049514385 -0.013232224114697062 0.029108432668741899 0.014233233973333009 0.0058797438375868399 -0.0056118649835596134 0.0041835465893805442 -0.0061931051250305571 -0.0079370709081206647 0.016501100701238978 -0.0042089128041429696 0.010267451577328158 -0.01844068337263062 -0.0088798375546102048 0.020854642054574084
leaf_weight=8.5417692065238935 123.52820405364037 46.433746725320816 7.4466722309589413 47.816270411014557 111.44324553012848 59.892391383647919 24.176612079143524 8.2676417827606183 10.26834584772587 13.823854088783259 26.673880010843281 11.953415364027022 41.11687308549881 6.1413202732801428 11.336086571216581
leaf_count=32 337 132 23 132 303 164 70 35 31 39 76 33 135 21 37
internal_value=-0.000125424 0.00187179 0.00527478 0.0032082 -0.000802361 0.00186272 -0.00726916 -0.00693166 -0.010728 -0.00200523 0.00286043 0.00185541 -0.0163903 -0.0154253 0.024127
internal_weight=558.86 432.073 190.127 171.344 241.946 171.336 70.6104 126.787 71.6063 55.1808 40.4977 22.2218 49.3845 14.6831 18.7828
internal_count=1600 1198 529 469 669 467 202 402 234 168 115 64 170 53 60
is_linear=0
shrinkage=0.05


Tree=85
num_leaves=16
num_cat=0
split_feature=9 11 9 11 8 8 11 8 8 8 8 9 8 8 9
split_gain=0.502725 0.966973 0.558126 2.04933 6.74648 2.20095 1.15847 1.4018 0.960584 0.474117 0.71445 0.370506 0.24578 0.916813 0.465849
threshold=0.57500001788139354 0.8991832733154298 0.38750000298023229 0.9063059687614442 0.52500000596046459 0.32500000298023229 0.9063059687614442 0.62500000000000011 0.32500000298023229 0.44374999403953558 0.47499999403953558 0.72499999403953563 0.41875000298023229 0.52500000596046459 0.62500000000000011
decision_type=2 2 2 2 2 2 2 2 2 2 2 2 2 2 2
left_child=2 12 6 5 -5 -4 8 -8 -1 11 -11 -3 14 -14 -2
right_child=1 9 3 4 -6 -7 7 -9 -10 10 -12 -13 13 -15 -16
leaf_value=-0.023370818860151004 -0.021872089074696555 0.011496109770892314 0.023813785293065881 -0.024273843824382718 0.020281154147427774 0.0038681740657517832 0.013846412414738697 -0.012790742079766044 -0.0028137965761208077 -0.013977172281402814 0.001296640732246019 -3.3274630175293398e-05 0.0091043468363075902 -0.0082028467554946354 -0.0057285249622674381
leaf_weight=6.1999275386333457 6.6996317356824902 17.042304724454883 15.518395930528639 22.312073141336441 13.720991402864454 127.20230190455914 20.794916301965717 6.4776971340179434 68.11773581802845 9.0382505506277067 50.072517305612564 11.788147434592245 9.7636472135782224 35.377756431698799 13.420234367251394
leaf_count=20 25 57 51 81 49 457 69 25 250 38 191 47 40 147 53
internal_value=0.00040639 -0.0018968 0.00166504 0.0033469 -0.00730779 0.00603691 -0.00129428 0.00751965 -0.00452876 0.00152516 -0.00103878 0.00678199 -0.00650799 -0.00445947 -0.0111041
internal_weight=433.547 153.202 280.344 178.754 36.0331 142.721 101.59 27.2726 74.3177 87.9412 59.1108 28.8305 65.2613 45.1414 20.1199
internal_count=1600 598 1002 638 130 508 364 94 270 333 229 104 265 187 78
is_linear=0
shrinkage=0.05


Tree=86
num_leaves=13
num_cat=0
split_feature=9 8 11 9 8 11 11 9 8 11 11 9
split_gain=2.8301 2.40492 3.11681 1.71963 1.74545 1.66912 1.55477 1.46486 1.28069 0.825915 0.743921 0.0687457
threshold=0.32500000298023229 0.32500000298023229 0.9063059687614442 0.22500000149011615 0.47499999403953558 0.9063059687614442 0.89565312862396251 0.67499998211860668 0.72499999403953563 0.9029313623905183 0.8991832733154298 0.57500001788139354
decision_type=2 2 2 2 2 2 2 2 2 2 2 2
left_child=3 2 6 -1 5 -5 -2 10 -9 -6 -3 -4
right_child=1 7 11 4 9 -7 -8 8 -10 -11 -12 -13
leaf_value=-0.03806029287011356 0.016539380509374473 -0.0054892445346095371 0.023559768399344885 0.017011060346582434 -0.032980240096152906 -0.013814792298445816 -0.0045553375265267671 0.006519621112458145 -0.0094354915519496083 -0.010701642240292197 -0.00023119441037631086 0.029469805812088825
leaf_weight=5.8049293532967559 12.708833932876585 117.59935127198696 12.963252961635591 9.2568124532699585 7.1644528359174755 8.354761004447937 27.934909343719482 93.881657660007477 14.522832363843916 9.9203176349401456 157.17945013940334 7.9307075142860404
leaf_count=37 35 418 35 30 35 26 77 259 54 44 528 22
internal_value=-0.000218651 0.000933716 0.0101088 -0.0128721 -0.00865798 0.00238757 0.00204074 -0.000539762 0.00438213 -0.0200441 -0.00248153 0.025803
internal_weight=485.222 444.721 61.5377 40.5013 34.6963 17.6116 40.6437 383.183 108.404 17.0848 274.779 20.894
internal_count=1600 1428 169 172 135 56 112 1259 313 79 946 57
is_linear=0
shrinkage=0.05


Tree=87
num_leaves=14
num_cat=0
split_feature=8 8 11 10 8 10 11 11 8 11 10 10 11
split_gain=3.57489 1.67879 1.37595 1.51504 1.41454 1.19676 1.19199 1.65438 1.50528 0.90001 0.393556 0.344067 0.167676
threshold=0.32500000298023229 0.72499999403953563 0.89565312862396251 -1.0000000180025095e-35 0.57500001788139354 -0.28750000894069666 0.89565312862396251 0.8991832733154298 0.82500001788139354 0.9063059687614442 -0.47499999403953547 -0.075000001117587076 0.9063059687614442
decision_type=2 2 2 2 2 2 2 2 2 2 2 2 2
left_child=5 2 4 -4 -2 9 8 -8 -3 10 -1 12 -7
right_child=1 6 3 -5 -6 11 7 -9 -10 -11 -12 -13 -14
leaf_value=-0.0051323637625863786 0.0092292272764146338 0.0086554685267901735 -0.0053578800446235078 0.0014848084157993557 -0.0035629952433784634 -0.0068456048236716499 0.031212317302739073 0.0080169503991804007 -0.016339169361471888 -0.040437368764459913 -0.022044287884700656 -0.016227808560441533 0.0016834999068386777
leaf_weight=5.3518606424331674 66.651330143213272 15.205664828419685 149.65224036574364 176.06064638495445 31.978988945484161 16.585246503353119 9.2187687009572965 46.273807853460312 9.9755048155784607 5.0351958721876136 9.629733607172966 7.254546493291854 8.8305242061615008
leaf_count=22 184 44 436 476 89 51 30 129 28 24 38 22 27
internal_value=-0.000128423 0.00116458 -9.23854e-05 -0.00165914 0.00508159 -0.0125221 0.00777619 0.0118703 -0.00124614 -0.0221493 -0.0160029 -0.0066236 -0.00388223
internal_weight=557.704 505.017 424.343 325.713 98.6303 52.6871 80.6737 55.4926 25.1812 20.0168 14.9816 32.6703 25.4158
internal_count=1600 1416 1185 912 273 184 231 159 72 84 60 100 78
is_linear=0
shrinkage=0.05


Tree=88
num_leaves=16
num_cat=0
split_feature=9 11 9 11 8 8 11 8 8 8 8 9 8 8 9
split_gain=0.452576 0.879707 0.518551 1.89723 6.26951 2.03077 1.04096 1.30653 0.921674 0.458229 0.67953 0.336292 0.245869 0.83837 0.44268
threshold=0.57500001788139354 0.8991832733154298 0.38750000298023229 0.9063059687614442 0.52500000596046459 0.32500000298023229 0.9063059687614442 0.62500000000000011 0.32500000298023229 0.44374999403953558 0.47499999403953558 0.72499999403953563 0.41875000298023229 0.52500000596046459 0.62500000000000011
decision_type=2 2 2 2 2 2 2 2 2 2 2 2 2 2 2
left_child=2 12 6 5 -5 -4 8 -8 -1 11 -11 -3 14 -14 -2
right_child=1 9 3 4 -6 -7 7 -9 -10 10 -12 -13 13 -15 -16
leaf_value=-0.022873161869412635 -0.021379505448001677 0.011116340009952522 0.022785863872099327 -0.023672251692421771 0.019250420123739023 0.0037124347531585344 0.013129704446417513 -0.01259980324785779 -0.0026530249195696105 -0.013707788164552702 0.0012280703324378381 0.00013234288495030087 0.0087792711311055448 -0.007755034437151977 -0.0055718799509238779
leaf_weight=6.1456316113471976 6.6205704659223583 17.114771157503132 15.671209573745726 21.981710091233253 13.878976985812185 127.46163654327393 20.962430238723758 6.4528028070926657 67.923107281327248 8.9796971529722196 50.120361894369125 11.754343599081038 9.8127023577690107 35.054629042744637 13.378802150487898
leaf_count=20 25 57 51 81 49 457 69 25 250 38 191 47 40 147 53
internal_value=0.000412466 -0.00177656 0.0016053 0.00322411 -0.00706011 0.00580073 -0.0012499 0.00707368 -0.00433073 0.00148085 -0.00104129 0.0066441 -0.0061941 -0.0041389 -0.0108048
internal_weight=433.313 152.836 280.478 178.994 35.8607 143.133 101.484 27.4152 74.0687 87.9692 59.1001 28.8691 64.8667 44.8673 19.9994
internal_count=1600 598 1002 638 130 508 364 94 270 333 229 104 265 187 78
is_linear=0
shrinkage=0.05


Tree=89
num_leaves=11
num_cat=0
split_feature=10 10 8 8 11 10 10 11 10 8
split_gain=3.56068 0.831337 0.827643 2.05041 1.17816 0.728884 0.860267 0.684831 0.512798 0.405243
threshold=-0.075000001117587076 0.12500000372529033 0.57500001788139354 0.62500000000000011 0.89565312862396251 -0.47499999403953547 -0.43124999105930323 0.8991832733154298 0.47499999403953558 0.52500000596046459
decision_type=2 2 2 2 2 2 2 2 2 2
left_child=5 2 4 -4 -2 -1 -7 -8 9 -3
right_child=1 8 3 -5 -6 6 7 -9 -10 -11
leaf_value=0.015541823416264661 -0.0098476217597194392 -0.014023372425651937 -0.024019148429475473 -0.00012230163248907021 0.0038258493469973519 -0.011476158507115832 0.00097098170973018792 0.0067816778778291877 -0.022004279423503682 -0.0054007243340711188
leaf_weight=13.574049949645994 19.943981423974037 15.868251606822012 12.95766046643257 29.214701175689697 74.983799457550049 9.0685813426971418 89.627730131149292 116.76911944150925 5.6904023438692084 96.440152555704117
leaf_count=38 70 67 49 105 237 25 257 326 31 395
internal_value=-0.000221228 -0.00428428 -0.00163624 -0.00746472 0.000953103 0.00430411 0.00359615 0.00425839 -0.00736098 -0.00661903
internal_weight=484.138 255.099 137.1 42.1724 94.9278 229.039 215.465 206.397 117.999 112.308
internal_count=1600 954 461 154 307 646 608 583 493 462
is_linear=0
shrinkage=0.05


Tree=90
num_leaves=14
num_cat=0
split_feature=8 8 11 10 8 10 11 10 11 10 10 10 11
split_gain=3.28934 1.53889 1.2445 1.381 1.32992 1.14184 1.14003 2.01545 0.89129 0.387438 0.329926 0.149511 0.147886
threshold=0.32500000298023229 0.72499999403953563 0.89565312862396251 -1.0000000180025095e-35 0.57500001788139354 -0.28750000894069666 0.87784731388092052 0.16250000149011615 0.9063059687614442 -0.47499999403953547 -0.075000001117587076 0.16250000149011615 0.9063059687614442
decision_type=2 2 2 2 2 2 2 2 2 2 2 2 2
left_child=5 2 4 -4 -2 8 11 -8 9 -1 12 -3 -7
right_child=1 6 3 -5 -6 10 7 -9 -10 -11 -12 -13 -14
leaf_value=-0.0046439513886312265 0.0088448053506504209 -0.0076362484276700886 -0.0051220609637440606 0.0014146594686156417 -0.0035586284604557992 -0.0064361859032981295 0.026669685050214421 0.0056091319026365626 -0.040109685392485182 -0.021517036530012176 -0.015764885416965302 0.0016335813167175342 0.0015777188009313305
leaf_weight=5.3025023192167291 66.683728337287903 10.269361197948458 149.35498815774918 176.03320103883743 31.973606705665588 16.505027830600739 14.911642611026762 47.692039743065834 4.8809377998113623 9.4929098635911942 7.2070903480052939 7.5461051166057578 8.8401103019714373
leaf_count=22 184 28 436 476 89 51 42 139 24 38 22 22 27
internal_value=-0.000128269 0.00110841 -9.42255e-05 -0.00158573 0.00482501 -0.012073 0.00744981 0.0106256 -0.0215821 -0.0154699 -0.00632526 -0.00370982 -0.00364102
internal_weight=556.693 504.465 424.046 325.388 98.6573 52.2286 80.4191 62.6037 19.6763 14.7954 32.5522 17.8155 25.3451
internal_count=1600 1416 1185 912 273 184 231 181 84 60 100 50 78
is_linear=0
shrinkage=0.05


Tree=91
num_leaves=16
num_cat=0
split_feature=10 10 11 9 9 11 10 9 10 11 9 9 9 9 11
split_gain=0.442487 1.35433 1.3004 1.3594 1.14897 0.874686 1.28168 0.796489 0.743307 0.668271 0.539723 0.49057 0.292279 1.70906 0.78343
threshold=-0.12500000372529027 -0.28750000894069666 0.9063059687614442 0.57500001788139354 0.72499999403953563 0.9029313623905183 0.16250000149011615 0.77500000596046459 -0.33749999105930323 0.8991832733154298 0.47499999403953558 0.62500000000000011 0.38750000298023229 0.44374999403953558 0.9063059687614442
decision_type=2 2 2 2 2 2 2 2 2 2 2 2 2 2 2
left_child=1 4 3 -3 8 6 9 -6 -1 -2 -8 -4 14 -14 -7
right_child=5 2 11 -5 7 12 10 -9 -10 -11 -12 -13 13 -15 -16
leaf_value=0.017959517051555712 0.0042237656026006248 0.0050468654587853858 -0.012714796720932162 -0.010020517111221814 -0.015033928664355087 -0.006675022202268649 -0.0099999847329906733 0.0024786857934469119 0.00093089249959093677 -0.0037321410440505653 0.0036355894798899531 -0.031836815875689636 0.023113238856856799 0.0032588780694480291 0.0067823118098160919
leaf_weight=16.392163187265396 89.550033867359161 27.186911195516586 8.707651272416113 33.311820283532143 9.3360525965690631 17.825152412056923 40.983780458569527 21.317352041602135 10.521825268864633 37.425506129860878 8.8186580091714841 5.4554559290409079 12.976450219750403 65.800496712327003 27.499301612377167
leaf_count=51 320 97 37 141 39 61 169 87 36 131 38 24 44 231 94
internal_value=0.000411796 -0.00199897 -0.00644229 -0.00324954 0.00376379 0.00147127 -0.000787514 -0.0028551 0.0113023 0.0018788 -0.0075855 -0.0200804 0.00468882 0.00652937 0.00148983
internal_weight=433.109 132.229 74.6618 60.4987 57.5674 300.879 176.778 30.6534 26.914 126.976 49.8024 14.1631 124.101 78.7769 45.3245
internal_count=1600 512 299 238 213 1088 658 126 87 451 207 61 430 275 155
is_linear=0
shrinkage=0.05


Tree=92
num_leaves=14
num_cat=0
split_feature=10 9 11 9 9 11 9 10 11 9 11 11 9
split_gain=3.26833 1.69515 1.66747 1.89669 1.58259 0.832028 0.747892 1.12966 2.6025 1.38168 1.12863 2.88611 0.511227
threshold=-0.12500000372529027 0.32500000298023229 0.9063059687614442 0.52500000596046459 0.22500000149011615 0.9063059687614442 0.67499998211860668 -0.23749999701976773 0.8991832733154298 0.82500001788139354 0.89565312862396251 0.8991832733154298 0.47499999403953558
decision_type=2 2 2 2 2 2 2 2 2 2 2 2 2
left_child=6 4 12 -4 -2 -6 10 9 -9 -8 -1 -12 -3
right_child=1 2 3 -5 5 -7 7 8 -10 -11 11 -13 -14
leaf_value=0.013394896932931881 -0.037831825084001118 -0.0013805208184431103 0.013431705110921205 -0.008957975713087778 -0.0016084024473785917 -0.017291401121024088 0.0093272905082016615 -0.00015098107462372843 0.03316375893266111 -0.0060590387101825838 -0.017085060869352922 0.0052389932643997494 -0.0062621229329727279
leaf_weight=16.756152182817459 5.5577000528573981 107.42083059251308 31.699894219636917 13.481650218367575 17.829092726111412 16.088500529527664 51.634404838085175 11.004811167716982 12.544532954692839 20.337780296802521 20.114717751741409 51.664458364248276 107.11018618941307
leaf_count=48 37 382 106 47 73 61 141 30 34 57 59 143 382
internal_value=-0.000221308 -0.00344648 -0.00197918 0.00675088 -0.0131 -0.00904749 0.00502127 0.00808974 0.0175955 0.00497945 0.00171068 -0.00101689 -0.00381779
internal_weight=483.245 299.188 259.713 45.1815 39.4753 33.9176 184.057 95.5215 23.5493 71.9722 88.5353 71.7792 214.531
internal_count=1600 1088 917 153 171 134 512 262 64 198 250 202 764
is_linear=0
shrinkage=0.05


Tree=93
num_leaves=16
num_cat=0
split_feature=10 11 10 9 10 11 11 9 9 10 10 10 11 9 10
split_gain=2.32278 1.31181 2.68381 2.99545 1.33852 1.79259 1.78819 0.90595 1.85485 1.19081 1.46148 0.674154 0.438812 0.157818 0.11997
threshold=-0.18749999999999997 0.8991832733154298 0.30625000596046453 0.57500001788139354 -1.0000000180025095e-35 0.9063059687614442 0.9063059687614442 0.67499998211860668 0.82500001788139354 -0.28750000894069666 -0.23749999701976773 -0.36249999701976771 0.9029313623905183 0.62500000000000011 0.35625000298023229
decision_type=2 2 2 2 2 2 2 2 2 2 2 2 2 2 2
left_child=7 2 3 -2 6 -6 -3 9 12 13 -11 -10 -9 -1 -4
right_child=1 4 14 -5 5 -7 -8 8 11 10 -12 -13 -14 -15 -16
leaf_value=-0.01828686831116861 -0.0013344499464144476 -0.0124162043291112 0.027873590847440361 0.013424179590224792 0.0053067195749037822 -0.0054287116547177021 0.0043923572999104111 -0.019038501795298438 -0.0073358323633613267 0.016277936211756574 -0.003772470132636123 0.010181972687097564 -0.0092107045979281082 -0.007605812104737918 0.019613598870879684
leaf_weight=8.1621182411909086 123.38509801030159 46.091250330209732 7.28993692994118 47.660659968852997 111.24939811229706 59.779707670211792 24.095029383897781 30.236389771103859 10.163320511579515 13.816567063331599 26.557714641094211 11.94941985607147 18.191712111234665 6.0010448098182669 11.073394596576689
leaf_count=32 337 132 23 132 303 164 70 102 31 39 76 33 68 21 37
internal_value=-0.000128394 0.00161379 0.00472807 0.00277794 -0.00083163 0.00155437 -0.00664581 -0.00612646 -0.00986807 -0.00128692 0.00308902 0.00213055 -0.0153468 -0.0137612 0.0228927
internal_weight=555.703 430.624 189.409 171.046 241.215 171.029 70.1863 125.078 70.5408 54.5374 40.3743 22.1127 48.4281 14.1632 18.3633
internal_count=1600 1198 529 469 669 467 202 402 234 168 115 64 170 53 60
is_linear=0
shrinkage=0.05


Tree=94
num_leaves=13
num_cat=0
split_feature=10 10 9 8 9 8 9 9 10 9 10 10
split_gain=0.407896 1.25251 1.05066 0.913165 0.895762 0.811308 1.45409 0.863503 0.974341 0.73685 0.692048 0.270355
threshold=-0.12500000372529027 -0.28750000894069666 0.72499999403953563 0.27500000596046453 0.72499999403953563 0.62500000000000011 0.62500000000000011 0.27500000596046453 0.12500000372529033 0.77500000596046459 -0.33749999105930323 0.16250000149011615
decision_type=2 2 2 2 2 2 2 2 2 2 2 2
left_child=1 2 10 -3 -5 6 11 -7 -9 -4 -1 -2
right_child=5 3 9 4 -6 7 -8 8 -10 -11 -12 -13
leaf_value=0.01719500710247247 0.003215716108041364 0.0096235603760180186 -0.014536766083683532 -0.011276133948724563 0.0026678047197352529 -0.022194010765890379 0.021354805153363896 -0.0087469664698332332 0.002203597022244107 0.0023751530882943177 0.00079049517086777002 -0.0014686598760683595
leaf_weight=16.502452224493027 151.24637858569622 8.1191680729389173 9.222640663385393 51.279389396309853 14.853835821151732 5.144216686487197 10.524553328752516 29.332768142223358 66.060843527317047 21.352132603526115 10.532306864857675 38.678323775529861
leaf_count=51 507 28 39 206 65 24 37 119 267 87 36 134
internal_value=0.000409842 -0.0019091 0.00362323 -0.00620143 -0.00814426 0.00142577 0.00326422 -0.00223968 -0.00116361 -0.00272619 0.0108041 0.00226174
internal_weight=432.849 131.862 57.6095 74.2524 66.1332 300.987 200.449 100.538 95.3936 30.5748 27.0348 189.925
internal_count=1600 512 213 299 271 1088 678 410 386 126 87 641
is_linear=0
shrinkage=0.05


Tree=95
num_leaves=11
num_cat=0
split_feature=10 10 11 10 8 10 10 8 10 8
split_gain=2.9334 0.98713 0.826294 4.19909 2.27831 0.564892 0.913095 0.755008 0.483212 0.371714
threshold=-0.12500000372529027 0.12500000372529033 0.89565312862396251 0.062500001862645163 0.57500001788139354 -0.47499999403953547 -0.43124999105930323 0.36249999701976782 0.47499999403953558 0.52500000596046459
decision_type=2 2 2 2 2 2 2 2 2 2
left_child=5 2 3 -2 -4 -1 -7 -8 9 -3
right_child=1 8 4 -5 -6 6 7 -9 -10 -11
leaf_value=0.014598483878305224 -0.016016965080685213 -0.013311532108726929 0.0046130975672690842 0.021371694091728163 -0.009986700310324878 -0.011496721270794782 0.0011364536239308139 0.0079951550966414191 -0.021297061081825702 -0.0049849684962305022
leaf_weight=13.480238258838652 31.723463028669357 15.588133618235586 104.01458275318146 9.8385522514581663 35.959424912929535 9.0409116744995099 74.468304127454758 87.001769810914993 5.5283891484141341 95.637356445193291
leaf_count=38 110 67 323 35 127 25 207 242 31 395
internal_value=-0.000219894 -0.00328246 -0.000975749 -0.00716633 0.000862399 0.00474519 0.00396621 0.00483199 -0.00686906 -0.00615193
internal_weight=482.281 298.29 181.536 41.562 139.974 183.991 170.511 161.47 116.754 111.225
internal_count=1600 1088 595 145 450 512 474 449 493 462
is_linear=0
shrinkage=0.05


end of trees

feature_importances:
Column_9=341
Column_10=334
Column_8=283
Column_11=244

parameters:
[boosting: gbdt]
[objective: multiclass]
[metric: multi_logloss]
[tree_learner: serial]
[device_type: cpu]
[data_sample_strategy: bagging]
[data: ]
[valid: ]
[num_iterations: 200]
[learning_rate: 0.05]
[num_leaves: 31]
[num_threads: 2]
[seed: 42]
[deterministic: 0]
[force_col_wise: 0]
[force_row_wise: 0]
[histogram_pool_size: -1]
[max_depth: 4]
[min_data_in_leaf: 20]
[min_sum_hessian_in_leaf: 0.001]
[bagging_fraction: 0.8]
[pos_bagging_fraction: 1]
[neg_bagging_fraction: 1]
[bagging_freq: 0]
[bagging_seed: 400]
[bagging_by_query: 0]
[feature_fraction: 0.8]
[feature_fraction_bynode: 1]
[feature_fraction_seed: 30056]
[extra_trees: 0]
[extra_seed: 12879]
[early_stopping_round: 0]
[early_stopping_min_delta: 0]
[first_metric_only: 0]
[max_delta_step: 0]
[lambda_l1: 0]
[lambda_l2: 0]
[linear_lambda: 0]
[min_gain_to_split: 0]
[drop_rate: 0.1]
[max_drop: 50]
[skip_drop: 0.5]
[xgboost_dart_mode: 0]
[uniform_drop: 0]
[drop_seed: 17869]
[top_rate: 0.2]
[other_rate: 0.1]
[min_data_per_group: 100]
[max_cat_threshold: 32]
[cat_l2: 10]
[cat_smooth: 10]
[max_cat_to_onehot: 4]
[top_k: 20]
[monotone_constraints: ]
[monotone_constraints_method: basic]
[monotone_penalty: 0]
[feature_contri: ]
[forcedsplits_filename: ]
[refit_decay_rate: 0.9]
[cegb_tradeoff: 1]
[cegb_penalty_split: 0]
[cegb_penalty_feature_lazy: ]
[cegb_penalty_feature_coupled: ]
[path_smooth: 0]
[interaction_constraints: ]
[verbosity: -1]
[saved_feature_importance_type: 0]
[use_quantized_grad: 0]
[num_grad_quant_bins: 4]
[quant_train_renew_leaf: 0]
[stochastic_rounding: 1]
[linear_tree: 0]
[max_bin: 255]
[max_bin_by_feature: ]
[min_data_in_bin: 3]
[bin_construct_sample_cnt: 200000]
[data_random_seed: 175]
[is_enable_sparse: 1]
[enable_bundle: 1]
[use_missing: 1]
[zero_as_missing: 0]
[feature_pre_filter: 1]
[pre_partition: 0]
[two_round: 0]
[header: 0]
[label_column: ]
[weight_column: ]
[group_column: ]
[ignore_column: ]
[categorical_feature: ]
[forcedbins_filename: ]
[precise_float_parser: 0]
[parser_config_file: ]
[objective_seed: 16083]
[num_class: 3]
[is_unbalance: 0]
[scale_pos_weight: 1]
[sigmoid: 1]
[boost_from_average: 1]
[reg_sqrt: 0]
[alpha: 0.9]
[fair_c: 1]
[poisson_max_delta_step: 0.7]
[tweedie_variance_power: 1.5]
[lambdarank_truncation_level: 30]
[lambdarank_norm: 1]
[label_gain: ]
[lambdarank_position_bias_regularization: 0]
[eval_at: ]
[multi_error_top_k: 1]
[auc_mu_weights: ]
[num_machines: 1]
[local_listen_port: 12400]
[time_out: 120]
[machine_list_filename: ]
[machines: ]
[gpu_platform_id: -1]
[gpu_device_id: -1]
[gpu_use_dp: 0]
[num_gpu: 1]

end of parameters

pandas_categorical:null
